;dez/23;;;Gerencia;;;;Consumo Mensal;ESTOQUE;;mai/23;;;;;;;;;;;;;;;;;;;;;;;;;;;;;;;;;Estoquinho;;;;Consumo Mensal;ESTOQUE;;mai/23;;;;;;;;;;;;;;;;;;;;;;;;;;;;;;;;;Gelad .Ger;;;;Consumo Mensal;ESTOQUE;;mai/23;;;;;;;;;;;;;;;;;;;;;;;;;;;;;;;;;Gelad. Est;;;;Consumo Mensal;ESTOQUE;;mai/23;;;;;;;;;;;;;;;;;;;;;;;;;;;;;;;;;Farmácia;;;;Consumo Mensal;ESTOQUE;;mai/23;;;;;;;;;;;;;;;;;;;;;;;;;;;;;;;
;;;;;;;;;;;31;1;2;3;4;5;6;7;8;9;10;11;12;13;14;15;16;17;18;19;20;21;22;23;24;25;26;27;28;29;30;31;;;;;;;;;31;1;2;3;4;5;6;7;8;9;10;11;12;13;14;15;16;17;18;19;20;21;22;23;24;25;26;27;28;29;30;31;;;;;;;;;31;1;2;3;4;5;6;7;8;9;10;11;12;13;14;15;16;17;18;19;20;21;22;23;24;25;26;27;28;29;30;31;;;;;;;;;31;1;2;3;4;5;6;7;8;9;10;11;12;13;14;15;16;17;18;19;20;21;22;23;24;25;26;27;28;29;30;31;;;;;;;;;31;1;2;3;4;5;6;7;8;9;10;11;12;13;14;15;16;17;18;19;20;21;22;23;24;25;26;27;28;29;30;31
;;;;;;;;;;;;;;;;;;;;;;;;;;;;;;;;;;;;;;;;;;;;;;;;;;;;;;;;;;;;;;;;;;;;;;;;;;;;;;;;;;;;;;;;;;;;;;;;;;;;;;;;;;;;;;;;;;;;;;;;;;;;;;;;;;;;;;;;;;;;;;;;;;;;;;;;;;;;;;;;;;;;;;;;;;;;;;;;;;;;;;;;;;;;;;;;;;;;;;;;;;
;Nome dos produtos;Fornecedores;;Qtde;Un.;Cx;;;;;Saída diária;;;;;;;;;;;;;;;;;;;;;;;;;;;;;;;;;Qtde;Un.;Cx;;;;;Saída diária;;;;;;;;;;;;;;;;;;;;;;;;;;;;;;;;;Qtde;Un.;Cx;;;;;Saída diária;;;;;;;;;;;;;;;;;;;;;;;;;;;;;;;;;Qtde;Un.;Cx;;;;;Saída diária;;;;;;;;;;;;;;;;;;;;;;;;;;;;;;;;;Qtde;Un.;Cx;;;;;Saída diária;;;;;;;;;;;;;;;;;;;;;;;;;;;;;;;
;Agemoxi;Agener;;;;x;;0;0;;;;;;;;;;;;;;;;;;;;;;;;;;;;;;;;;;;;;;;0;0;;;;;;;;;;;;;;;;;;;;;;;;;;;;;;;;;;;;;;;0;0;;;;;;;;;;;;;;;;;;;;;;;;;;;;;;;;;;;;;;;0;0;;;;;;;;;;;;;;;;;;;;;;;;;;;;;;;;;;;;;;;0;0;;;;;;;;;;;;;;;;;;;;;;;;;;;;;;;;;
;Agemoxi 250 mg;Agener;;;x;;;0;0;;;;;;;;;;;;;;;;;;;;;;;;;;;;;;;;;;;;;;;0;0;;;;;;;;;;;;;;;;;;;;;;;;;;;;;;;;;;;;;;;0;0;;;;;;;;;;;;;;;;;;;;;;;;;;;;;;;;;;;;;;;0;0;;;;;;;;;;;;;;;;;;;;;;;;;;;;;;;;;;;;;;;0;0;;;;;;;;;;;;;;;;;;;;;;;;;;;;;;;;;
;Agemoxi 50 mg;Agener;;5;x;;;0;5;;;;;;;;;;;;;;;;;;;;;;;;;;;;;;;;;;;;;;;0;0;;;;;;;;;;;;;;;;;;;;;;;;;;;;;;;;;;;;;;;0;0;;;;;;;;;;;;;;;;;;;;;;;;;;;;;;;;;;;;;;;0;0;;;;;;;;;;;;;;;;;;;;;;;;;;;;;;;;;;;;;;;0;0;;;;;;;;;;;;;;;;;;;;;;;;;;;;;;;;;
;Ball Free Gatos;Agener;;15;;x;;10;5;;;;;;;;;;5;;;;5;;;;;;;;;;;;;;;;;;;;;15;;;;10;5;;;;;;;;;;5;;;;5;;;;;;;;;;;;;;;;;;;;;;;;;0;0;;;;;;;;;;;;;;;;;;;;;;;;;;;;;;;;;;;;;;;0;0;;;;;;;;;;;;;;;;;;;;;;;;;;;;;;;;;;;;;;;0;0;;;;;;;;;;;;;;;;;;;;;;;;;;;;;;;;;
;Ceftrat 100 mg;Agener;;2;;x;;0;2;;;;;;;;;;;;;;;;;;;;;;;;;;;;;;;;;;;;;;;0;0;;;;;;;;;;;;;;;;;;;;;;;;;;;;;;;;;;;;;;;0;0;;;;;;;;;;;;;;;;;;;;;;;;;;;;;;;;;;;;;;;0;0;;;;;;;;;;;;;;;;;;;;;;;;;;;;;;;;;;;;;;;0;0;;;;;;;;;;;;;;;;;;;;;;;;;;;;;;;;;
;Ceftrat 200 mg;Agener;;;;x;;0;0;;;;;;;;;;;;;;;;;;;;;;;;;;;;;;;;;;;;;;;0;0;;;;;;;;;;;;;;;;;;;;;;;;;;;;;;;;;;;;;;;0;0;;;;;;;;;;;;;;;;;;;;;;;;;;;;;;;;;;;;;;;0;0;;;;;;;;;;;;;;;;;;;;;;;;;;;;;;;;;;;;;;;0;0;;;;;;;;;;;;;;;;;;;;;;;;;;;;;;;;;
;Clean-up;Agener;;;;x;;2;-2;;;;;1;;;;;;1;;;;;;;;;;;;;;;;;;;;;;;;;;;;0;0;;;;;;;;;;;;;;;;;;;;;;;;;;;;;;;;;;;;;;;0;0;;;;;;;;;;;;;;;;;;;;;;;;;;;;;;;;;;;;;;;0;0;;;;;;;;;;;;;;;;;;;;;;;;;;;;;;;;;;;3;;;;2;1;;;;;1;;;;;;1;;;;;;;;;;;;;;;;;;;;;;
;Clinbacter 150 mg;Agener;;3;x;;;0;3;;;;;;;;;;;;;;;;;;;;;;;;;;;;;;;;;;;;;;;0;0;;;;;;;;;;;;;;;;;;;;;;;;;;;;;;;;;;;;;;;0;0;;;;;;;;;;;;;;;;;;;;;;;;;;;;;;;;;;;;;;;0;0;;;;;;;;;;;;;;;;;;;;;;;;;;;;;;;;;;;;;;;0;0;;;;;;;;;;;;;;;;;;;;;;;;;;;;;;;;;
;Clinbacter 75 mg;Agener;;4;x;;;1;3;;;;;;;;1;;;;;;;;;;;;;;;;;;;;;;;;;;;2;;;;1;1;;;;;;;;1;;;;;;;;;;;;;;;;;;;;;;;;;;;;;;;0;0;;;;;;;;;;;;;;;;;;;;;;;;;;;;;;;;;;;;;;;0;0;;;;;;;;;;;;;;;;;;;;;;;;;;;;;;;;;;;;;;;0;0;;;;;;;;;;;;;;;;;;;;;;;;;;;;;;;;;
;Cloresten Xampu;Agener;;5;;x;;5;0;;;1;;;;;1;1;;;;;1;;;1;;;;;;;;;;;;;;;;;;6;;;;5;1;;;1;;;;;1;1;;;;;1;;;1;;;;;;;;;;;;;;;;;;;;;;0;0;;;;;;;;;;;;;;;;;;;;;;;;;;;;;;;;;;;;;;;0;0;;;;;;;;;;;;;;;;;;;;;;;;;;;;;;;;;;;;;;;0;0;;;;;;;;;;;;;;;;;;;;;;;;;;;;;;;;;
;Cronidor 12 mg;Agener;;6;;x;;2;4;;;;;1;;;;;;;;;1;;;;;;;;;;;;;;;;;;;;;3;;;;2;1;;;1;;;;;;;;;;;1;;;;;;;;;;;;;;;;;;;;;;;;;0;0;;;;;;;;;;;;;;;;;;;;;;;;;;;;;;;;;;;;;;;0;0;;;;;;;;;;;;;;;;;;;;;;;;;;;;;;;;;;;;;;;0;0;;;;;;;;;;;;;;;;;;;;;;;;;;;;;;;;;
;Cronidor 40 mg;Agener;;9;;x;;3;6;;;1;;;;;;1;;;1;;;;;;;;;;;;;;;;;;;;;;;4;;;;3;1;;;1;;;;;;1;;;1;;;;;;;;;;;;;;;;;;;;;;;;;;;0;0;;;;;;;;;;;;;;;;;;;;;;;;;;;;;;;;;;;;;;;0;0;;;;;;;;;;;;;;;;;;;;;;;;;;;;;;;;;;;;;;;0;0;;;;;;;;;;;;;;;;;;;;;;;;;;;;;;;;;
;Cronidor 80 mg;Agener;;8;;x;;2;6;;;;;1;;;;1;;;;;;;;;;;;;;;;;;;;;;;;;;3;;;;2;1;;;1;;;;;;1;;;;;;;;;;;;;;;;;;;;;;;;;;;;;;0;0;;;;;;;;;;;;;;;;;;;;;;;;;;;;;;;;;;;;;;;0;0;;;;;;;;;;;;;;;;;;;;;;;;;;;;;;;;;;;;;;;0;0;;;;;;;;;;;;;;;;;;;;;;;;;;;;;;;;;
;Dermogen 200 ml;Agener;;1;x;;;0;1;;;;;;;;;;;;;;;;;;;;;;;;;;;;;;;;;;;;;;;0;0;;;;;;;;;;;;;;;;;;;;;;;;;;;;;;;;;;;;;;;0;0;;;;;;;;;;;;;;;;;;;;;;;;;;;;;;;;;;;;;;;0;0;;;;;;;;;;;;;;;;;;;;;;;;;;;;;;;;;;;;;;;0;0;;;;;;;;;;;;;;;;;;;;;;;;;;;;;;;;;
;Doxitrat 200 mg;Agener;;8;x;;;2;6;;;1;;;;;1;;;;;;;;;;;;;;;;;;;;;;;;;;;3;;;;2;1;;;1;;;;;1;;;;;;;;;;;;;;;;;;;;;;;;;;;;;;;0;0;;;;;;;;;;;;;;;;;;;;;;;;;;;;;;;;;;;;;;;0;0;;;;;;;;;;;;;;;;;;;;;;;;;;;;;;;;;;;;;;;0;0;;;;;;;;;;;;;;;;;;;;;;;;;;;;;;;;;
;Doxitrat 80 mg;Agener;;6;x;;;3;3;;;;;1;;;1;;;;;;;;1;;;;;;;;;;;;;;;;;;;4;;;;3;1;;;1;;;;;1;;;;;;;;1;;;;;;;;;;;;;;;;;;;;;;;0;0;;;;;;;;;;;;;;;;;;;;;;;;;;;;;;;;;;;;;;;0;0;;;;;;;;;;;;;;;;;;;;;;;;;;;;;;;;;;;;;;;0;0;;;;;;;;;;;;;;;;;;;;;;;;;;;;;;;;;
;Enrofloxacina 10% (Zelotril);Agener;;5;;x;;0;5;;;;;;;;;;;;;;;;;;;;;;;;;;;;;;;;;;;;;;;0;0;;;;;;;;;;;;;;;;;;;;;;;;;;;;;;;;;;;;;;;0;0;;;;;;;;;;;;;;;;;;;;;;;;;;;;;;;;;;;;;;;0;0;;;;;;;;;;;;;;;;;;;;;;;;;;;;;;;;;;;;;;;0;0;;;;;;;;;;;;;;;;;;;;;;;;;;;;;;;;;
;Emedron 10 mg;Agener;;3;;x;;0;3;;;;;;;;;;;;;;;;;;;;;;;;;;;;;;;;;;;;;;;0;0;;;;;;;;;;;;;;;;;;;;;;;;;;;;;;;;;;;;;;;0;0;;;;;;;;;;;;;;;;;;;;;;;;;;;;;;;;;;;;;;;0;0;;;;;;;;;;;;;;;;;;;;;;;;;;;;;;;;;;;;;;;0;0;;;;;;;;;;;;;;;;;;;;;;;;;;;;;;;;;
;Emedron 20 mg;Agener;;;x;;;0;0;;;;;;;;;;;;;;;;;;;;;;;;;;;;;;;;;;;;;;;0;0;;;;;;;;;;;;;;;;;;;;;;;;;;;;;;;;;;;;;;;0;0;;;;;;;;;;;;;;;;;;;;;;;;;;;;;;;;;;;;;;;0;0;;;;;;;;;;;;;;;;;;;;;;;;;;;;;;;;;;;;;;;0;0;;;;;;;;;;;;;;;;;;;;;;;;;;;;;;;;;
;Emedron 5 mg;Agener;;;;x;;1;-1;;;1;;;;;;;;;;;;;;;;;;;;;;;;;;;;;;;;;;;;0;0;;;;;;;;;;;;;;;;;;;;;;;;;;;;;;;;;;;;;;;0;0;;;;;;;;;;;;;;;;;;;;;;;;;;;;;;;;;;;;;;;0;0;;;;;;;;;;;;;;;;;;;;;;;;;;;;;;;;;;;2;;;;1;1;;;1;;;;;;;;;;;;;;;;;;;;;;;;;;;;;;
;Flamavet 0,2 mg;Agener;;;;x;;0;0;;;;;;;;;;;;;;;;;;;;;;;;;;;;;;;;;;;;;;;0;0;;;;;;;;;;;;;;;;;;;;;;;;;;;;;;;;;;;;;;;0;0;;;;;;;;;;;;;;;;;;;;;;;;;;;;;;;;;;;;;;;0;0;;;;;;;;;;;;;;;;;;;;;;;;;;;;;;;;;;;;;;;0;0;;;;;;;;;;;;;;;;;;;;;;;;;;;;;;;;;
;Flamavet 0,5 mg;Agener;;63;x;;;23;40;;;4;;3;;4;;4;;;;4;;;;;;;4;;;;;;;;;;;;;;;27;;;;23;4;;;4;;3;;4;;4;;;;4;;;;;;;4;;;;;;;;;;;;;;;;;;;0;0;;;;;;;;;;;;;;;;;;;;;;;;;;;;;;;;;;;;;;;0;0;;;;;;;;;;;;;;;;;;;;;;;;;;;;;;;;;;;;;;;0;0;;;;;;;;;;;;;;;;;;;;;;;;;;;;;;;;;
;Flamavet 2 mg;Agener;;18;x;;;0;18;;;;;;;;;;;;;;;;;;;;;;;;;;;;;;;;;;;;;;;0;0;;;;;;;;;;;;;;;;;;;;;;;;;;;;;;;;;;;;;;;0;0;;;;;;;;;;;;;;;;;;;;;;;;;;;;;;;;;;;;;;;0;0;;;;;;;;;;;;;;;;;;;;;;;;;;;;;;;;;;;;;;;0;0;;;;;;;;;;;;;;;;;;;;;;;;;;;;;;;;;
;Flamavet Inj. 0.2%;Agener;;1;;x;;0;1;;;;;;;;;;;;;;;;;;;;;;;;;;;;;;;;;;;;;;;0;0;;;;;;;;;;;;;;;;;;;;;;;;;;;;;;;;;;;;;;;0;0;;;;;;;;;;;;;;;;;;;;;;;;;;;;;;;;;;;;;;;0;0;;;;;;;;;;;;;;;;;;;;;;;;;;;;;;;;;;;;;;;0;0;;;;;;;;;;;;;;;;;;;;;;;;;;;;;;;;;
;Gaviz 10 mg;Agener;;3;;x;;0;3;;;;;;;;;;;;;;;;;;;;;;;;;;;;;;;;;;;;;;;0;0;;;;;;;;;;;;;;;;;;;;;;;;;;;;;;;;;;;;;;;0;0;;;;;;;;;;;;;;;;;;;;;;;;;;;;;;;;;;;;;;;0;0;;;;;;;;;;;;;;;;;;;;;;;;;;;;;;;;;;;;;;;0;0;;;;;;;;;;;;;;;;;;;;;;;;;;;;;;;;;
;Gaviz 20 mg;Agener;;;x;;;0;0;;;;;;;;;;;;;;;;;;;;;;;;;;;;;;;;;;;;;;;0;0;;;;;;;;;;;;;;;;;;;;;;;;;;;;;;;;;;;;;;;0;0;;;;;;;;;;;;;;;;;;;;;;;;;;;;;;;;;;;;;;;0;0;;;;;;;;;;;;;;;;;;;;;;;;;;;;;;;;;;;;;;;0;0;;;;;;;;;;;;;;;;;;;;;;;;;;;;;;;;;
;Helfine Cães;Agener;;;x;;;0;0;;;;;;;;;;;;;;;;;;;;;;;;;;;;;;;;;;;;;;;0;0;;;;;;;;;;;;;;;;;;;;;;;;;;;;;;;;;;;;;;;0;0;;;;;;;;;;;;;;;;;;;;;;;;;;;;;;;;;;;;;;;0;0;;;;;;;;;;;;;;;;;;;;;;;;;;;;;;;;;;;;;;;0;0;;;;;;;;;;;;;;;;;;;;;;;;;;;;;;;;;
;Helfine Gatos;Agener;;1;x;;;0;1;;;;;;;;;;;;;;;;;;;;;;;;;;;;;;;;;;;;;;;0;0;;;;;;;;;;;;;;;;;;;;;;;;;;;;;;;;;;;;;;;0;0;;;;;;;;;;;;;;;;;;;;;;;;;;;;;;;;;;;;;;;0;0;;;;;;;;;;;;;;;;;;;;;;;;;;;;;;;;;;;;;;;0;0;;;;;;;;;;;;;;;;;;;;;;;;;;;;;;;;;
;Hidrapet Creme 100 g;Agener;;1;x;;;0;1;;;;;;;;;;;;;;;;;;;;;;;;;;;;;;;;;;;;;;;0;0;;;;;;;;;;;;;;;;;;;;;;;;;;;;;;;;;;;;;;;0;0;;;;;;;;;;;;;;;;;;;;;;;;;;;;;;;;;;;;;;;0;0;;;;;;;;;;;;;;;;;;;;;;;;;;;;;;;;;;;;;;;0;0;;;;;;;;;;;;;;;;;;;;;;;;;;;;;;;;;
;Hidrapet Creme 500 g;Agener;;;x;;;0;0;;;;;;;;;;;;;;;;;;;;;;;;;;;;;;;;;;;;;;;0;0;;;;;;;;;;;;;;;;;;;;;;;;;;;;;;;;;;;;;;;0;0;;;;;;;;;;;;;;;;;;;;;;;;;;;;;;;;;;;;;;;0;0;;;;;;;;;;;;;;;;;;;;;;;;;;;;;;;;;;;;;;;0;0;;;;;;;;;;;;;;;;;;;;;;;;;;;;;;;;;
;Hidrapet Xampu 200 ml;Agener;;2;x;;;0;2;;;;;;;;;;;;;;;;;;;;;;;;;;;;;;;;;;;;;;;0;0;;;;;;;;;;;;;;;;;;;;;;;;;;;;;;;;;;;;;;;0;0;;;;;;;;;;;;;;;;;;;;;;;;;;;;;;;;;;;;;;;0;0;;;;;;;;;;;;;;;;;;;;;;;;;;;;;;;;;;;;;;;0;0;;;;;;;;;;;;;;;;;;;;;;;;;;;;;;;;;
;Hysteril;Agener;;54;x;;;4;50;;;;;;4;;;;;;;;;;;;;;;;;;;;;;;;;;;;;9;;;;4;5;;;;;;4;;;;;;;;;;;;;;;;;;;;;;;;;;;;;;;;;0;0;;;;;;;;;;;;;;;;;;;;;;;;;;;;;;;;;;;;;;;0;0;;;;;;;;;;;;;;;;;;;;;;;;;;;;;;;;;;;;;;;0;0;;;;;;;;;;;;;;;;;;;;;;;;;;;;;;;;;
;Imizol;Agener;;81;x;;;37;44;;;2;;5;2;9;4;3;;;;3;4;;3;;;;2;;;;;;;;;;;;;;;42;;;;37;5;;;2;;5;2;9;4;3;;;;3;4;;3;;;;2;;;;;;;;;;;;;;;;;;;0;0;;;;;;;;;;;;;;;;;;;;;;;;;;;;;;;;;;;;;;;0;0;;;;;;;;;;;;;;;;;;;;;;;;;;;;;;;;;;;;;;;0;0;;;;;;;;;;;;;;;;;;;;;;;;;;;;;;;;;
;Lacri 5 ml;Agener;;2;x;;;0;2;;;;;;;;;;;;;;;;;;;;;;;;;;;;;;;;;;;;;;;0;0;;;;;;;;;;;;;;;;;;;;;;;;;;;;;;;;;;;;;;;0;0;;;;;;;;;;;;;;;;;;;;;;;;;;;;;;;;;;;;;;;0;0;;;;;;;;;;;;;;;;;;;;;;;;;;;;;;;;;;;;;;;0;0;;;;;;;;;;;;;;;;;;;;;;;;;;;;;;;;;
;Mirtz;Agener;;0;x;;;0;0;;;;;;;;;;;;;;;;;;;;;;;;;;;;;;;;;;;;;;;0;0;;;;;;;;;;;;;;;;;;;;;;;;;;;;;;;;;;;;;;;0;0;;;;;;;;;;;;;;;;;;;;;;;;;;;;;;;;;;;;;;;0;0;;;;;;;;;;;;;;;;;;;;;;;;;;;;;;;;;;;;;;;0;0;;;;;;;;;;;;;;;;;;;;;;;;;;;;;;;;;
;Omega Top 1000 mg;Agener;;6;x;;;0;6;;;;;;;;;;;;;;;;;;;;;;;;;;;;;;;;;;;;;;;0;0;;;;;;;;;;;;;;;;;;;;;;;;;;;;;;;;;;;;;;;0;0;;;;;;;;;;;;;;;;;;;;;;;;;;;;;;;;;;;;;;;0;0;;;;;;;;;;;;;;;;;;;;;;;;;;;;;;;;;;;;;;;0;0;;;;;;;;;;;;;;;;;;;;;;;;;;;;;;;;;
;Omega Top 500 mg;Agener;;;;x;;0;0;;;;;;;;;;;;;;;;;;;;;;;;;;;;;;;;;;;;;;;0;0;;;;;;;;;;;;;;;;;;;;;;;;;;;;;;;;;;;;;;;0;0;;;;;;;;;;;;;;;;;;;;;;;;;;;;;;;;;;;;;;;0;0;;;;;;;;;;;;;;;;;;;;;;;;;;;;;;;;;;;;;;;0;0;;;;;;;;;;;;;;;;;;;;;;;;;;;;;;;;;
;Petpril 10 mg;Agener;;226;x;;;47;179;;;;;10;;9;10;7;;1;;;;;;;;;10;;;;;;;;;;;;;;;57;;;;47;10;;;;;10;;9;10;7;;;1;;;;;;;;10;;;;;;;;;;;;;;;;;;;0;0;;;;;;;;;;;;;;;;;;;;;;;;;;;;;;;;;;;;;;;0;0;;;;;;;;;;;;;;;;;;;;;;;;;;;;;;;;;;;;;;;0;0;;;;;;;;;;;;;;;;;;;;;;;;;;;;;;;;;
;Petpril 05 mg;Agener;;222;x;;;48;174;;;;;10;;4;4;6;;;;8;;;;8;;;8;;;;;;;;;;;;;;;58;;;;48;10;;;;;10;;4;4;6;;;;8;;;;8;;;8;;;;;;;;;;;;;;;;;;;0;0;;;;;;;;;;;;;;;;;;;;;;;;;;;;;;;;;;;;;;;0;0;;;;;;;;;;;;;;;;;;;;;;;;;;;;;;;;;;;;;;;0;0;;;;;;;;;;;;;;;;;;;;;;;;;;;;;;;;;
;Predinon 4 mg;Agener;;100;x;;;45;55;;;;;10;;;10;9;;;;8;;;;8;;;;;;;;;;;;;;;;;;55;;;;45;10;;;;;10;;;10;9;;;;8;;;;8;;;;;;;;;;;;;;;;;;;;;;0;0;;;;;;;;;;;;;;;;;;;;;;;;;;;;;;;;;;;;;;;0;0;;;;;;;;;;;;;;;;;;;;;;;;;;;;;;;;;;;;;;;0;0;;;;;;;;;;;;;;;;;;;;;;;;;;;;;;;;;
;Pro Cart 1000 mg;Agener;;84;x;;;0;84;;;;;;;;;;;;;;;;;;;;;;;;;;;;;;;;;;;;;;;0;0;;;;;;;;;;;;;;;;;;;;;;;;;;;;;;;;;;;;;;;0;0;;;;;;;;;;;;;;;;;;;;;;;;;;;;;;;;;;;;;;;0;0;;;;;;;;;;;;;;;;;;;;;;;;;;;;;;;;;;;;;;;0;0;;;;;;;;;;;;;;;;;;;;;;;;;;;;;;;;;
;Pro Cart 2100 mg;Agener;;146;x;;;0;146;;;;;;;;;;;;;;;;;;;;;;;;;;;;;;;;;;;;;;;0;0;;;;;;;;;;;;;;;;;;;;;;;;;;;;;;;;;;;;;;;0;0;;;;;;;;;;;;;;;;;;;;;;;;;;;;;;;;;;;;;;;0;0;;;;;;;;;;;;;;;;;;;;;;;;;;;;;;;;;;;;;;;0;0;;;;;;;;;;;;;;;;;;;;;;;;;;;;;;;;;
;Pro Cart Flex;Agener;;3;;x;;0;3;;;;;;;;;;;;;;;;;;;;;;;;;;;;;;;;;;;;;;;0;0;;;;;;;;;;;;;;;;;;;;;;;;;;;;;;;;;;;;;;;0;0;;;;;;;;;;;;;;;;;;;;;;;;;;;;;;;;;;;;;;;0;0;;;;;;;;;;;;;;;;;;;;;;;;;;;;;;;;;;;;;;;0;0;;;;;;;;;;;;;;;;;;;;;;;;;;;;;;;;;
;Revimax 50 mg;Agener;;;;x;;0;0;;;;;;;;;;;;;;;;;;;;;;;;;;;;;;;;;;;;;;;0;0;;;;;;;;;;;;;;;;;;;;;;;;;;;;;;;;;;;;;;;0;0;;;;;;;;;;;;;;;;;;;;;;;;;;;;;;;;;;;;;;;0;0;;;;;;;;;;;;;;;;;;;;;;;;;;;;;;;;;;;;;;;0;0;;;;;;;;;;;;;;;;;;;;;;;;;;;;;;;;;
;Sec Lac 0,5 mg;Agener;;50;x;;;6;44;;;1;;1;;;;;1;;1;1;;;;;;;1;;;;;;;;;;;;;;;7;;;;6;1;;;1;;1;;;;;1;;1;1;;;;;;;1;;;;;;;;;;;;;;;;;;;0;0;;;;;;;;;;;;;;;;;;;;;;;;;;;;;;;;;;;;;;;0;0;;;;;;;;;;;;;;;;;;;;;;;;;;;;;;;;;;;;;;;0;0;;;;;;;;;;;;;;;;;;;;;;;;;;;;;;;;;
;Sec Lac 2 mg;Agener;;3;;x;;1;2;;;;;1;;;;;;;;;;;;;;;;;;;;;;;;;;;;;;;;;;0;0;;;;;;;;;;;;;;;;;;;;;;;;;;;;;;;;;;;;;;;0;0;;;;;;;;;;;;;;;;;;;;;;;;;;;;;;;;;;;;;;;0;0;;;;;;;;;;;;;;;;;;;;;;;;;;;;;;;;;;;2;;;;1;1;;;;;1;;;;;;;;;;;;;;;;;;;;;;;;;;;;
;Septclean;Agener;;;;x;;0;0;;;;;;;;;;;;;;;;;;;;;;;;;;;;;;;;;;;;;;;0;0;;;;;;;;;;;;;;;;;;;;;;;;;;;;;;;;;;;;;;;0;0;;;;;;;;;;;;;;;;;;;;;;;;;;;;;;;;;;;;;;;0;0;;;;;;;;;;;;;;;;;;;;;;;;;;;;;;;;;;;;;;;0;0;;;;;;;;;;;;;;;;;;;;;;;;;;;;;;;;;
;Zelotril 150 mg;Agener;;;;x;;0;0;;;;;;;;;;;;;;;;;;;;;;;;;;;;;;;;;;;;;;;0;0;;;;;;;;;;;;;;;;;;;;;;;;;;;;;;;;;;;;;;;0;0;;;;;;;;;;;;;;;;;;;;;;;;;;;;;;;;;;;;;;;0;0;;;;;;;;;;;;;;;;;;;;;;;;;;;;;;;;;;;;;;;0;0;;;;;;;;;;;;;;;;;;;;;;;;;;;;;;;;;
;Zelotril 50 mg;Agener;;4;x;;;4;0;;;;;1;;;1;1;;;;;;;;;;;1;;;;;;;;;;;;;;;5;;;;4;1;;;;;1;;;1;1;;;;;;;;;;;1;;;;;;;;;;;;;;;;;;;0;0;;;;;;;;;;;;;;;;;;;;;;;;;;;;;;;;;;;;;;;0;0;;;;;;;;;;;;;;;;;;;;;;;;;;;;;;;;;;;;;;;0;0;;;;;;;;;;;;;;;;;;;;;;;;;;;;;;;;;
;Otoguard;Agromark;;;x;;;0;0;;;;;;;;;;;;;;;;;;;;;;;;;;;;;;;;;;;;;;;0;0;;;;;;;;;;;;;;;;;;;;;;;;;;;;;;;;;;;;;;;0;0;;;;;;;;;;;;;;;;;;;;;;;;;;;;;;;;;;;;;;;0;0;;;;;;;;;;;;;;;;;;;;;;;;;;;;;;;;;;;;;;;0;0;;;;;;;;;;;;;;;;;;;;;;;;;;;;;;;;;
;Vetmedin 1,25 mg;Boehringer;;3;x;;;0;3;;;;;;;;;;;;;;;;;;;;;;;;;;;;;;;;;;;;;;;0;0;;;;;;;;;;;;;;;;;;;;;;;;;;;;;;;;;;;;;;;0;0;;;;;;;;;;;;;;;;;;;;;;;;;;;;;;;;;;;;;;;0;0;;;;;;;;;;;;;;;;;;;;;;;;;;;;;;;;;;;;;;;0;0;;;;;;;;;;;;;;;;;;;;;;;;;;;;;;;;;
;Vetmedin 5 mg;Boehringer;;;;x;;0;0;;;;;;;;;;;;;;;;;;;;;;;;;;;;;;;;;;;;;;;0;0;;;;;;;;;;;;;;;;;;;;;;;;;;;;;;;;;;;;;;;0;0;;;;;;;;;;;;;;;;;;;;;;;;;;;;;;;;;;;;;;;0;0;;;;;;;;;;;;;;;;;;;;;;;;;;;;;;;;;;;;;;;0;0;;;;;;;;;;;;;;;;;;;;;;;;;;;;;;;;;
;Tiper C - 15 kg (vermelho);Brower;;;;x;;0;0;;;;;;;;;;;;;;;;;;;;;;;;;;;;;;;;;;;;;;;0;0;;;;;;;;;;;;;;;;;;;;;;;;;;;;;;;;;;;;;;;0;0;;;;;;;;;;;;;;;;;;;;;;;;;;;;;;;;;;;;;;;0;0;;;;;;;;;;;;;;;;;;;;;;;;;;;;;;;;;;;;;;;0;0;;;;;;;;;;;;;;;;;;;;;;;;;;;;;;;;;
;Tiper C + 15 kg (azul);Brower;;34;x;;;5;29;;;;;;;2;;3;;;;;;;;;;;;;;;;;;;;;;;;;;8;;;;3;5;;;;;;;;;3;;;;;;;;;;;;;;;;;;;;;;;;;;;;;;0;0;;;;;;;;;;;;;;;;;;;;;;;;;;;;;;;;;;;;;;;0;0;;;;;;;;;;;;;;;;;;;;;;;;;;;;;;;;;;;;;;;0;0;;;;;;;;;;;;;;;;;;;;;;;;;;;;;;;;;
;Marbopet 27,5 mg;Ceva;;;x;;;0;0;;;;;;;;;;;;;;;;;;;;;;;;;;;;;;;;;;;;;;;0;0;;;;;;;;;;;;;;;;;;;;;;;;;;;;;;;;;;;;;;;0;0;;;;;;;;;;;;;;;;;;;;;;;;;;;;;;;;;;;;;;;0;0;;;;;;;;;;;;;;;;;;;;;;;;;;;;;;;;;;;;;;;0;0;;;;;;;;;;;;;;;;;;;;;;;;;;;;;;;;;
;Marbopet 82,5 mg;Ceva;;178;x;;;10;168;;;;;;;;;5;;;;;;;;;;;5;;;;;;;;;;;;;;;15;;;;10;5;;;;;;;;;5;;;;;;;;;;;5;;;;;;;;;;;;;;;;;;;0;0;;;;;;;;;;;;;;;;;;;;;;;;;;;;;;;;;;;;;;;0;0;;;;;;;;;;;;;;;;;;;;;;;;;;;;;;;;;;;;;;;0;0;;;;;;;;;;;;;;;;;;;;;;;;;;;;;;;;;
;4 DX;Idexx;;56;x;;;19;37;;;5;;;3;;;3;;;;;3;;;;;;5;;;;;;;;;;;;;;;24;;;;19;5;;;5;;;3;;;3;;;;;3;;;;;;5;;;;;;;;;;;;;;;;;;;0;0;;;;;;;;;;;;;;;;;;;;;;;;;;;;;;;;;;;;;;;0;0;;;;;;;;;;;;;;;;;;;;;;;;;;;;;;;;;;;;;;;0;0;;;;;;;;;;;;;;;;;;;;;;;;;;;;;;;;;
;Água Destilada para Autoclave;Insumos;;7;x;;;0;7;;;;;;;;;;;;;;;;;;;;;;;;;;;;;;;;;;;;;;;0;0;;;;;;;;;;;;;;;;;;;;;;;;;;;;;;;;;;;;;;;0;0;;;;;;;;;;;;;;;;;;;;;;;;;;;;;;;;;;;;;;;0;0;;;;;;;;;;;;;;;;;;;;;;;;;;;;;;;;;;;;;;;0;0;;;;;;;;;;;;;;;;;;;;;;;;;;;;;;;;;
;Agua Oxigenada;Insumos;;7;x;;;2;5;;;1;;;;;1;;;;;;;;;;;;;;;;;;;;;;;;;;;3;;;;2;1;;;1;;;;;1;;;;;;;;;;;;;;;;;;;;;;;;;;;;;;;0;0;;;;;;;;;;;;;;;;;;;;;;;;;;;;;;;;;;;;;;;0;0;;;;;;;;;;;;;;;;;;;;;;;;;;;;;;;;;;;;;;;0;0;;;;;;;;;;;;;;;;;;;;;;;;;;;;;;;;;
;Agulha Cinza;Insumos;;52;x;;;8;44;;;2;;;;2;;4;;;;;;;;;;;;;;;;;;;;;;;;;;10;;;;6;4;;;2;;;;2;;2;;;;;;;;;;;;;;;;;;;;;;;;;;;;;;0;0;;;;;;;;;;;;;;;;;;;;;;;;;;;;;;;;;;;;;;;0;0;;;;;;;;;;;;;;;;;;;;;;;;;;;;;;;;;;;;;;;0;0;;;;;;;;;;;;;;;;;;;;;;;;;;;;;;;;;
;Agulha Rosa;Insumos;;;;x;;0;0;;;;;;;;;;;;;;;;;;;;;;;;;;;;;;;;;;;;;;;0;0;;;;;;;;;;;;;;;;;;;;;;;;;;;;;;;;;;;;;;;0;0;;;;;;;;;;;;;;;;;;;;;;;;;;;;;;;;;;;;;;;0;0;;;;;;;;;;;;;;;;;;;;;;;;;;;;;;;;;;;;;;;0;0;;;;;;;;;;;;;;;;;;;;;;;;;;;;;;;;;
;Agulha Roxa;Insumos;;5;;x;;0;5;;;;;;;;;;;;;;;;;;;;;;;;;;;;;;;;;;;;;;;0;0;;;;;;;;;;;;;;;;;;;;;;;;;;;;;;;;;;;;;;;0;0;;;;;;;;;;;;;;;;;;;;;;;;;;;;;;;;;;;;;;;0;0;;;;;;;;;;;;;;;;;;;;;;;;;;;;;;;;;;;;;;;0;0;;;;;;;;;;;;;;;;;;;;;;;;;;;;;;;;;
;Agulha Verde;Insumos;;180;x;;;70;110;;;15;;;;5;10;15;;;;10;;;;;;;15;;;;;;;;;;;;;;;85;;;;70;15;;;15;;;;5;10;15;;;;10;;;;;;;15;;;;;;;;;;;;;;;;;;;0;0;;;;;;;;;;;;;;;;;;;;;;;;;;;;;;;;;;;;;;;0;0;;;;;;;;;;;;;;;;;;;;;;;;;;;;;;;;;;;;;;;0;0;;;;;;;;;;;;;;;;;;;;;;;;;;;;;;;;;
;Albumina;Insumos;;;x;;;0;0;;;;;;;;;;;;;;;;;;;;;;;;;;;;;;;;;;;;;;;0;0;;;;;;;;;;;;;;;;;;;;;;;;;;;;;;;;;;;;;;;0;0;;;;;;;;;;;;;;;;;;;;;;;;;;;;;;;;;;;1;;;;0;1;;;;;;;;;;;;;;;;;;;;;;;;;;;;;;;;;;;;;;;0;0;;;;;;;;;;;;;;;;;;;;;;;;;;;;;;;;;
;Alcool;Insumos;;4;;x;;3;1;;;;;1;;;;;;2;;;;;;;;;;;;;;;;;;;;;;;;;;;;0;0;;;;;;;;;;;;;;;;;;;;;;;;;;;;;;;;;;;;;;;0;0;;;;;;;;;;;;;;;;;;;;;;;;;;;;;;;;;;;;;;;0;0;;;;;;;;;;;;;;;;;;;;;;;;;;;;;;;;;;;2;;;;1;1;;;;;1;;;;;;;;;;;;;;;;;;;;;;;;;;;;
;Algodão;Insumos;;;;x;;0;0;;;;;;;;;;;;;;;;;;;;;;;;;;;;;;;;;;;;;;;0;0;;;;;;;;;;;;;;;;;;;;;;;;;;;;;;;;;;;;;;;0;0;;;;;;;;;;;;;;;;;;;;;;;;;;;;;;;;;;;;;;;0;0;;;;;;;;;;;;;;;;;;;;;;;;;;;;;;;;;;;;;;;0;0;;;;;;;;;;;;;;;;;;;;;;;;;;;;;;;;;
;Algodão Ortopédico;Insumos;;2;;x;;1;1;;;;;;;;;;;1;;;;;;;;;;;;;;;;;;;;;;;;;;;;0;0;;;;;;;;;;;;;;;;;;;;;;;;;;;;;;;;;;;;;;;0;0;;;;;;;;;;;;;;;;;;;;;;;;;;;;;;;;;;;;;;;0;0;;;;;;;;;;;;;;;;;;;;;;;;;;;;;;;;;;;2;;;;1;1;;;;;;;;;;;1;;;;;;;;;;;;;;;;;;;;;;
;Atadura;Insumos;;;x;;;0;0;;;;;;;;;;;;;;;;;;;;;;;;;;;;;;;;;;;;;;;0;0;;;;;;;;;;;;;;;;;;;;;;;;;;;;;;;;;;;;;;;0;0;;;;;;;;;;;;;;;;;;;;;;;;;;;;;;;;;;;;;;;1;-1;;;;;;;;1;;;;;;;;;;;;;;;;;;;;;;;;;;;;;;;0;0;;;;;;;;;;;;;;;;;;;;;;;;;;;;;;;;;
;Atadura Grande;Insumos;;;x;;;0;0;;;;;;;;;;;;;;;;;;;;;;;;;;;;;;;;;;;;;;;0;0;;;;;;;;;;;;;;;;;;;;;;;;;;;;;;;;;;;;;;;0;0;;;;;;;;;;;;;;;;;;;;;;;;;;;;;;;;;;;;;;;0;0;;;;;;;;;;;;;;;;;;;;;;;;;;;;;;;;;;;;;;;0;0;;;;;;;;;;;;;;;;;;;;;;;;;;;;;;;;;
;Atropina (Atrovene);Insumos;;;x;;;0;0;;;;;;;;;;;;;;;;;;;;;;;;;;;;;;;;;;;;;;;0;0;;;;;;;;;;;;;;;;;;;;;;;;;;;;;;;;;;;;;;;0;0;;;;;;;;;;;;;;;;;;;;;;;;;;;;;;;;;;;;;;;0;0;;;;;;;;;;;;;;;;;;;;;;;;;;;;;;;;;;;;;;;0;0;;;;;;;;;;;;;;;;;;;;;;;;;;;;;;;;;
;Avental Cirúrgico;Insumos;;;x;;;0;0;;;;;;;;;;;;;;;;;;;;;;;;;;;;;;;;;;;;;;;0;0;;;;;;;;;;;;;;;;;;;;;;;;;;;;;;;;;;;;;;;0;0;;;;;;;;;;;;;;;;;;;;;;;;;;;;;;;;;;;;;;;0;0;;;;;;;;;;;;;;;;;;;;;;;;;;;;;;;;;;;;;;;0;0;;;;;;;;;;;;;;;;;;;;;;;;;;;;;;;;;
;Bobina para esterilização 50mm;Insumos;;;x;;;0;0;;;;;;;;;;;;;;;;;;;;;;;;;;;;;;;;;;;;;;;0;0;;;;;;;;;;;;;;;;;;;;;;;;;;;;;;;;;;;;;;;0;0;;;;;;;;;;;;;;;;;;;;;;;;;;;;;;;;;;;;;;;0;0;;;;;;;;;;;;;;;;;;;;;;;;;;;;;;;;;;;;;;;0;0;;;;;;;;;;;;;;;;;;;;;;;;;;;;;;;;;
;Bobina para esterilização 250mm;Insumos;;;x;;;0;0;;;;;;;;;;;;;;;;;;;;;;;;;;;;;;;;;;;;;;;0;0;;;;;;;;;;;;;;;;;;;;;;;;;;;;;;;;;;;;;;;0;0;;;;;;;;;;;;;;;;;;;;;;;;;;;;;;;;;;;;;;;0;0;;;;;;;;;;;;;;;;;;;;;;;;;;;;;;;;;;;;;;;0;0;;;;;;;;;;;;;;;;;;;;;;;;;;;;;;;;;
;Bolsa de Gel para Ultrassom;Insumos;;67;x;;;20;47;;;;;3;;2;;3;;3;;3;2;;;;;;4;;;;;;;;;;;;;;;23;;;;18;5;;;;;3;;;;3;;;3;3;2;;;;;;4;;;;;;;;;;;;;;;;;;;0;0;;;;;;;;;;;;;;;;;;;;;;;;;;;;;;;;;;;;;;;0;0;;;;;;;;;;;;;;;;;;;;;;;;;;;;;;;;;;;;;;;0;0;;;;;;;;;;;;;;;;;;;;;;;;;;;;;;;;;
;Bolsa para Transfusão;Insumos;;95;x;;;10;85;;;;;;;2;;5;;;;;3;;;;;;;;;;;;;;;;;;;;;13;;;;8;5;;;;;;;;;5;;;;;3;;;;;;;;;;;;;;;;;;;;;;;;;0;0;;;;;;;;;;;;;;;;;;;;;;;;;;;;;;;;;;;;;;;0;0;;;;;;;;;;;;;;;;;;;;;;;;;;;;;;;;;;;;;;;0;0;;;;;;;;;;;;;;;;;;;;;;;;;;;;;;;;;
;Bolsa para Transfusão Hemácias;Insumos;;1;x;;;0;1;;;;;;;;;;;;;;;;;;;;;;;;;;;;;;;;;;;;;;;0;0;;;;;;;;;;;;;;;;;;;;;;;;;;;;;;;;;;;;;;;0;0;;;;;;;;;;;;;;;;;;;;;;;;;;;;;;;;;;;;;;;0;0;;;;;;;;;;;;;;;;;;;;;;;;;;;;;;;;;;;;;;;0;0;;;;;;;;;;;;;;;;;;;;;;;;;;;;;;;;;
;Bolsas de Metronidazol;Insumos;;;x;;;0;0;;;;;;;;;;;;;;;;;;;;;;;;;;;;;;;;;;;;;;;0;0;;;;;;;;;;;;;;;;;;;;;;;;;;;;;;;;;;;;;;;0;0;;;;;;;;;;;;;;;;;;;;;;;;;;;;;;;;;;;;;;;0;0;;;;;;;;;;;;;;;;;;;;;;;;;;;;;;;;;;;;;;;0;0;;;;;;;;;;;;;;;;;;;;;;;;;;;;;;;;;
;Bolsas de Ringer;Insumos;;12;x;;;0;12;;;;;;;;;;;;;;;;;;;;;;;;;;;;;;;;;;;;;;;0;0;;;;;;;;;;;;;;;;;;;;;;;;;;;;;;;;;;;;;;;0;0;;;;;;;;;;;;;;;;;;;;;;;;;;;;;;;;;;;;;;;0;0;;;;;;;;;;;;;;;;;;;;;;;;;;;;;;;;;;;;;;;0;0;;;;;;;;;;;;;;;;;;;;;;;;;;;;;;;;;
;Campo Cirúrgico;Insumos;;50;x;;;0;50;;;;;;;;;;;;;;;;;;;;;;;;;;;;;;;;;;;;;;;0;0;;;;;;;;;;;;;;;;;;;;;;;;;;;;;;;;;;;;;;;0;0;;;;;;;;;;;;;;;;;;;;;;;;;;;;;;;;;;;;;;;0;0;;;;;;;;;;;;;;;;;;;;;;;;;;;;;;;;;;;;;;;0;0;;;;;;;;;;;;;;;;;;;;;;;;;;;;;;;;;
;Catéter Amarelo;Insumos;;;;x;;0;0;;;;;;;;;;;;;;;;;;;;;;;;;;;;;;;;;;;;;;;0;0;;;;;;;;;;;;;;;;;;;;;;;;;;;;;;;;;;;;;;;0;0;;;;;;;;;;;;;;;;;;;;;;;;;;;;;;;;;;;;;;;0;0;;;;;;;;;;;;;;;;;;;;;;;;;;;;;;;;;;;;;;;0;0;;;;;;;;;;;;;;;;;;;;;;;;;;;;;;;;;
;Catéter Azul;Insumos;;;;x;;0;0;;;;;;;;;;;;;;;;;;;;;;;;;;;;;;;;;;;;;;;0;0;;;;;;;;;;;;;;;;;;;;;;;;;;;;;;;;;;;;;;;0;0;;;;;;;;;;;;;;;;;;;;;;;;;;;;;;;;;;;;;;;0;0;;;;;;;;;;;;;;;;;;;;;;;;;;;;;;;;;;;;;;;0;0;;;;;;;;;;;;;;;;;;;;;;;;;;;;;;;;;
;Catéter Rosa;Insumos;;4;x;;;1;3;;;;;;;;1;;;;;;;;;;;;;;;;;;;;;;;;;;;2;;;;1;1;;;;;;;;1;;;;;;;;;;;;;;;;;;;;;;;;;;;;;;;0;0;;;;;;;;;;;;;;;;;;;;;;;;;;;;;;;;;;;;;;;0;0;;;;;;;;;;;;;;;;;;;;;;;;;;;;;;;;;;;;;;;0;0;;;;;;;;;;;;;;;;;;;;;;;;;;;;;;;;;
;Catéter Verde;Insumos;;;;x;;0;0;;;;;;;;;;;;;;;;;;;;;;;;;;;;;;;;;;;;;;;0;0;;;;;;;;;;;;;;;;;;;;;;;;;;;;;;;;;;;;;;;0;0;;;;;;;;;;;;;;;;;;;;;;;;;;;;;;;;;;;;;;;0;0;;;;;;;;;;;;;;;;;;;;;;;;;;;;;;;;;;;;;;;0;0;;;;;;;;;;;;;;;;;;;;;;;;;;;;;;;;;
;Cefalotina;Insumos;;;;x;;0;0;;;;;;;;;;;;;;;;;;;;;;;;;;;;;;;;;;;;;;;0;0;;;;;;;;;;;;;;;;;;;;;;;;;;;;;;;;;;;;;;;0;0;;;;;;;;;;;;;;;;;;;;;;;;;;;;;;;;;;;;;;;0;0;;;;;;;;;;;;;;;;;;;;;;;;;;;;;;;;;;;;;;;0;0;;;;;;;;;;;;;;;;;;;;;;;;;;;;;;;;;
;Ceftriaxona;Insumos;;;;x;;0;0;;;;;;;;;;;;;;;;;;;;;;;;;;;;;;;;;;;;;;;0;0;;;;;;;;;;;;;;;;;;;;;;;;;;;;;;;;;;;;;;;0;0;;;;;;;;;;;;;;;;;;;;;;;;;;;;;;;;;;;;;;;0;0;;;;;;;;;;;;;;;;;;;;;;;;;;;;;;;;;;;;;;;0;0;;;;;;;;;;;;;;;;;;;;;;;;;;;;;;;;;
;Clindamicina;Insumos;;;x;;;2;-2;;;;;;;;;;;;;2;;;;;;;;;;;;;;;;;;;;;;7;;;;2;5;;;;;;;;;;;;;2;;;;;;;;;;;;;;;;;;;;;;;;;;0;0;;;;;;;;;;;;;;;;;;;;;;;;;;;;;;;;;;;;;;;0;0;;;;;;;;;;;;;;;;;;;;;;;;;;;;;;;;;;;;;;;0;0;;;;;;;;;;;;;;;;;;;;;;;;;;;;;;;;;
;Cloreto de potássio;Insumos;;;x;;;0;0;;;;;;;;;;;;;;;;;;;;;;;;;;;;;;;;;;;;;;;0;0;;;;;;;;;;;;;;;;;;;;;;;;;;;;;;;;;;;;;;;0;0;;;;;;;;;;;;;;;;;;;;;;;;;;;;;;;;;;;;;;;0;0;;;;;;;;;;;;;;;;;;;;;;;;;;;;;;;;;;;;;;;0;0;;;;;;;;;;;;;;;;;;;;;;;;;;;;;;;;;
;Cloreto de Sódio 0.9%;Insumos;;114;x;;;10;104;;;;;;;2;;3;5;;;;;;;;;;;;;;;;;;;;;;;;;13;;;;8;5;;;;;;;;;3;5;;;;;;;;;;;;;;;;;;;;;;;;;;;;;0;0;;;;;;;;;;;;;;;;;;;;;;;;;;;;;;;;;;;;;;;0;0;;;;;;;;;;;;;;;;;;;;;;;;;;;;;;;;;;;;;;;0;0;;;;;;;;;;;;;;;;;;;;;;;;;;;;;;;;;
;Clorexidina Degermante;Insumos;;65;x;;;76;-11;;;9;;9;;20;8;;7;;;11;;;;;;;12;;;;;;;;;;;;;;;96;;;;76;20;;;9;;9;;20;8;;7;;;11;;;;;;;12;;;;;;;;;;;;;;;;;;;0;0;;;;;;;;;;;;;;;;;;;;;;;;;;;;;;;;;;;;;;;0;0;;;;;;;;;;;;;;;;;;;;;;;;;;;;;;;;;;;;;;;0;0;;;;;;;;;;;;;;;;;;;;;;;;;;;;;;;;;
;Clorexidina Alcoolica;Insumos;;45;x;;;0;45;;;;;;;;;;;;;;;;;;;;;;;;;;;;;;;;;;;;;;;0;0;;;;;;;;;;;;;;;;;;;;;;;;;;;;;;;;;;;;;;;0;0;;;;;;;;;;;;;;;;;;;;;;;;;;;;;;;;;;;;;;;0;0;;;;;;;;;;;;;;;;;;;;;;;;;;;;;;;;;;;;;;;0;0;;;;;;;;;;;;;;;;;;;;;;;;;;;;;;;;;
;Clorexidina Esponja;Insumos;;7;x;;;0;7;;;;;;;;;;;;;;;;;;;;;;;;;;;;;;;;;;;;;;;0;0;;;;;;;;;;;;;;;;;;;;;;;;;;;;;;;;;;;;;;;0;0;;;;;;;;;;;;;;;;;;;;;;;;;;;;;;;;;;;;;;;0;0;;;;;;;;;;;;;;;;;;;;;;;;;;;;;;;;;;;;;;;0;0;;;;;;;;;;;;;;;;;;;;;;;;;;;;;;;;;
;Compressa Cirúrgica;Insumos;;;;;;0;0;;;;;;;;;;;;;;;;;;;;;;;;;;;;;;;;;;;;;;;0;0;;;;;;;;;;;;;;;;;;;;;;;;;;;;;;;;;;;;;;;0;0;;;;;;;;;;;;;;;;;;;;;;;;;;;;;;;;;;;;;;;0;0;;;;;;;;;;;;;;;;;;;;;;;;;;;;;;;;;;;;;;;0;0;;;;;;;;;;;;;;;;;;;;;;;;;;;;;;;;;
;Conectores PRN;Insumos;;118;x;;;7;111;;;;;;;5;;;2;;;;;;;;;;;;;;;;;;;;;;;;;12;;;;7;5;;;;;;;5;;;2;;;;;;;;;;;;;;;;;;;;;;;;;;;;;0;0;;;;;;;;;;;;;;;;;;;;;;;;;;;;;;;;;;;;;;;0;0;;;;;;;;;;;;;;;;;;;;;;;;;;;;;;;;;;;;;;;0;0;;;;;;;;;;;;;;;;;;;;;;;;;;;;;;;;;
;Descarpack;Insumos;;13;x;;;7;6;;;1;;;;2;1;;;;;;1;;1;;;;1;;;;;;;;;;;;;;;8;;;;7;1;;;1;;;;2;1;;;;;;1;;1;;;;1;;;;;;;;;;;;;;;;;;;0;0;;;;;;;;;;;;;;;;;;;;;;;;;;;;;;;;;;;;;;;0;0;;;;;;;;;;;;;;;;;;;;;;;;;;;;;;;;;;;;;;;0;0;;;;;;;;;;;;;;;;;;;;;;;;;;;;;;;;;
;Dexametasona;Insumos;;29;x;;;10;19;;;;;;;;;;10;;;;;;;;;;;;;;;;;;;;;;;;;15;;;;10;5;;;;;;;;;;10;;;;;;;;;;;;;;;;;;;;;;;;;;;;;0;0;;;;;;;;;;;;;;;;;;;;;;;;;;;;;;;;;;;;;;;0;0;;;;;;;;;;;;;;;;;;;;;;;;;;;;;;;;;;;;;;;0;0;;;;;;;;;;;;;;;;;;;;;;;;;;;;;;;;;
;Diazepam;Insumos;;174;x;;;2;172;;;;;;;2;;;;;;;;;;;;;;;;;;;;;;;;;;;;5;;;;0;5;;;;;;;;;;;;;;;;;;;;;;;;;;;;;;;;;;;;;;;0;0;;;;;;;;;;;;;;;;;;;;;;;;;;;;;;;;;;;;;;;0;0;;;;;;;;;;;;;;;;;;;;;;;;;;;;;;;;;;;;;;;0;0;;;;;;;;;;;;;;;;;;;;;;;;;;;;;;;;;
;Dobutamina;Insumos;;48;x;;;2;46;;;;;;;2;;;;;;;;;;;;;;;;;;;;;;;;;;;;5;;;;0;5;;;;;;;;;;;;;;;;;;;;;;;;;;;;;;;;;;;;;;;0;0;;;;;;;;;;;;;;;;;;;;;;;;;;;;;;;;;;;;;;;0;0;;;;;;;;;;;;;;;;;;;;;;;;;;;;;;;;;;;;;;;0;0;;;;;;;;;;;;;;;;;;;;;;;;;;;;;;;;;
;Dopamina;Insumos;;;x;;;0;0;;;;;;;;;;;;;;;;;;;;;;;;;;;;;;;;;;;;;;;0;0;;;;;;;;;;;;;;;;;;;;;;;;;;;;;;;;;;;;;;;0;0;;;;;;;;;;;;;;;;;;;;;;;;;;;;;;;;;;;;;;;0;0;;;;;;;;;;;;;;;;;;;;;;;;;;;;;;;;;;;;;;;0;0;;;;;;;;;;;;;;;;;;;;;;;;;;;;;;;;;
;Eparina;Insumos;;;;x;;0;0;;;;;;;;;;;;;;;;;;;;;;;;;;;;;;;;;;;;;;;0;0;;;;;;;;;;;;;;;;;;;;;;;;;;;;;;;;;;;;;;;0;0;;;;;;;;;;;;;;;;;;;;;;;;;;;;;;;;;;;;;;;0;0;;;;;;;;;;;;;;;;;;;;;;;;;;;;;;;;;;;;;;;0;0;;;;;;;;;;;;;;;;;;;;;;;;;;;;;;;;;
;Epinefrina;Insumos;;5;;x;;1;4;;;;;;;;;;;;;;;;;1;;;;;;;;;;;;;;;;;;2;;;;1;1;;;;;;;;;;;;;;;;;1;;;;;;;;;;;;;;;;;;;;;;0;0;;;;;;;;;;;;;;;;;;;;;;;;;;;;;;;;;;;;;;;0;0;;;;;;;;;;;;;;;;;;;;;;;;;;;;;;;;;;;;;;;0;0;;;;;;;;;;;;;;;;;;;;;;;;;;;;;;;;;
 ;Equipo;Insumos;;2;;x;;0;2;;;;;;;;;;;;;;;;;;;;;;;;;;;;;;;;;;;;;;;0;0;;;;;;;;;;;;;;;;;;;;;;;;;;;;;;;;;;;;;;;0;0;;;;;;;;;;;;;;;;;;;;;;;;;;;;;;;;;;;;;;;0;0;;;;;;;;;;;;;;;;;;;;;;;;;;;;;;;;;;;;;;;0;0;;;;;;;;;;;;;;;;;;;;;;;;;;;;;;;;;
;Equipo de 2 vias;Insumos;;6;;x;;1;5;;;;;;;;;;;;;;;;;1;;;;;;;;;;;;;;;;;;2;;;;1;1;;;;;;;;;;;;;;;;;1;;;;;;;;;;;;;;;;;;;;;;0;0;;;;;;;;;;;;;;;;;;;;;;;;;;;;;;;;;;;;;;;0;0;;;;;;;;;;;;;;;;;;;;;;;;;;;;;;;;;;;;;;;0;0;;;;;;;;;;;;;;;;;;;;;;;;;;;;;;;;;
;Equipos de Transfusão;Insumos;;4;x;;;2;2;;;;;;;;;;;;;1;;;;;;;1;;;;;;;;;;;;;;;2;;;;1;1;;;;;;;;;;;;;;;;;;;;1;;;;;;;;;;;;;;;;;;;0;0;;;;;;;;;;;;;;;;;;;;;;;;;;;;;;;;;;;;;;;0;0;;;;;;;;;;;;;;;;;;;;;;;;;;;;;;;;;;;;;;;0;0;;;;;;;;;;;;;;;;;;;;;;;;;;;;;;;;;
;Eritropoetina;Insumos;;0;x;;;0;0;;;;;;;;;;;;;;;;;;;;;;;;;;;;;;;;;;;;;;;0;0;;;;;;;;;;;;;;;;;;;;;;;;;;;;;;;;;;;;;;;0;0;;;;;;;;;;;;;;;;;;;;;;;;;;;;;;;;;;;;;;;0;0;;;;;;;;;;;;;;;;;;;;;;;;;;;;;;;;;;;;;;;0;0;;;;;;;;;;;;;;;;;;;;;;;;;;;;;;;;;
;Escalpes;Insumos;;1;;x;;1;0;;;;;;;;;;;1;;;;;;;;;;;;;;;;;;;;;;;;;;;;0;0;;;;;;;;;;;;;;;;;;;;;;;;;;;;;;;;;;;;;;;0;0;;;;;;;;;;;;;;;;;;;;;;;;;;;;;;;;;;;;;;;0;0;;;;;;;;;;;;;;;;;;;;;;;;;;;;;;;;;;;2;;;;1;1;;;;;;;;;;;1;;;;;;;;;;;;;;;;;;;;;;
;Esparadrapo;Insumos;;1;;x;;1;0;;;;;;;;;;;1;;;;;;;;;;;;;;;;;;;;;;;;;;;;0;0;;;;;;;;;;;;;;;;;;;;;;;;;;;;;;;;;;;;;;;0;0;;;;;;;;;;;;;;;;;;;;;;;;;;;;;;;;;;;;;;;0;0;;;;;;;;;;;;;;;;;;;;;;;;;;;;;;;;;;;2;;;;1;1;;;;;;;;;;;1;;;;;;;;;;;;;;;;;;;;;;
;Extensões;Insumos;;2;;x;;2;0;;;1;;;;;;;;1;;;;;;;;;;;;;;;;;;;;;;;;;;;;0;0;;;;;;;;;;;;;;;;;;;;;;;;;;;;;;;;;;;;;;;0;0;;;;;;;;;;;;;;;;;;;;;;;;;;;;;;;;;;;;;;;0;0;;;;;;;;;;;;;;;;;;;;;;;;;;;;;;;;;;;2;;;;1;1;;;;;;;;;;;1;;;;;;;;;;;;;;;;;;;;;;
;Fenobarbital;Insumos;;3;x;;;2;1;;;;;1;;;;;;;1;;;;;;;;;;;;;;;;;;;;;;;3;;;;2;1;;;;;1;;;;;;;1;;;;;;;;;;;;;;;;;;;;;;;;;;;0;0;;;;;;;;;;;;;;;;;;;;;;;;;;;;;;;;;;;;;;;0;0;;;;;;;;;;;;;;;;;;;;;;;;;;;;;;;;;;;;;;;0;0;;;;;;;;;;;;;;;;;;;;;;;;;;;;;;;;;
;Fentanila;Insumos;;;x;;;0;0;;;;;;;;;;;;;;;;;;;;;;;;;;;;;;;;;;;;;;;0;0;;;;;;;;;;;;;;;;;;;;;;;;;;;;;;;;;;;;;;;0;0;;;;;;;;;;;;;;;;;;;;;;;;;;;;;;;;;;;;;;;0;0;;;;;;;;;;;;;;;;;;;;;;;;;;;;;;;;;;;;;;;0;0;;;;;;;;;;;;;;;;;;;;;;;;;;;;;;;;;
;Filgastrin;Insumos;;1;x;;;0;1;;;;;;;;;;;;;;;;;;;;;;;;;;;;;;;;;;;;;;;0;0;;;;;;;;;;;;;;;;;;;;;;;;;;;;;;;;;;;;;;;0;0;;;;;;;;;;;;;;;;;;;;;;;;;;;;;;;;;;;;;;;0;0;;;;;;;;;;;;;;;;;;;;;;;;;;;;;;;;;;;;;;;0;0;;;;;;;;;;;;;;;;;;;;;;;;;;;;;;;;;
;Fio Absorvivel;Insumos;;5;x;;;0;5;;;;;;;;;;;;;;;;;;;;;;;;;;;;;;;;;;;;;;;0;0;;;;;;;;;;;;;;;;;;;;;;;;;;;;;;;;;;;;;;;0;0;;;;;;;;;;;;;;;;;;;;;;;;;;;;;;;;;;;;;;;0;0;;;;;;;;;;;;;;;;;;;;;;;;;;;;;;;;;;;;;;;0;0;;;;;;;;;;;;;;;;;;;;;;;;;;;;;;;;;
;Fio agulhado 2/0;Insumos;;;;x;;0;0;;;;;;;;;;;;;;;;;;;;;;;;;;;;;;;;;;;;;;;0;0;;;;;;;;;;;;;;;;;;;;;;;;;;;;;;;;;;;;;;;0;0;;;;;;;;;;;;;;;;;;;;;;;;;;;;;;;;;;;;;;;0;0;;;;;;;;;;;;;;;;;;;;;;;;;;;;;;;;;;;;;;;0;0;;;;;;;;;;;;;;;;;;;;;;;;;;;;;;;;;
;Fio agulhado 3/0;Insumos;;;;x;;0;0;;;;;;;;;;;;;;;;;;;;;;;;;;;;;;;;;;;;;;;0;0;;;;;;;;;;;;;;;;;;;;;;;;;;;;;;;;;;;;;;;0;0;;;;;;;;;;;;;;;;;;;;;;;;;;;;;;;;;;;;;;;0;0;;;;;;;;;;;;;;;;;;;;;;;;;;;;;;;;;;;;;;;0;0;;;;;;;;;;;;;;;;;;;;;;;;;;;;;;;;;
;Fio agulhado 0;Insumos;;;;x;;0;0;;;;;;;;;;;;;;;;;;;;;;;;;;;;;;;;;;;;;;;0;0;;;;;;;;;;;;;;;;;;;;;;;;;;;;;;;;;;;;;;;0;0;;;;;;;;;;;;;;;;;;;;;;;;;;;;;;;;;;;;;;;0;0;;;;;;;;;;;;;;;;;;;;;;;;;;;;;;;;;;;;;;;0;0;;;;;;;;;;;;;;;;;;;;;;;;;;;;;;;;;
;Fita para Autoclave;Insumos;;;;x;;0;0;;;;;;;;;;;;;;;;;;;;;;;;;;;;;;;;;;;;;;;0;0;;;;;;;;;;;;;;;;;;;;;;;;;;;;;;;;;;;;;;;0;0;;;;;;;;;;;;;;;;;;;;;;;;;;;;;;;;;;;;;;;0;0;;;;;;;;;;;;;;;;;;;;;;;;;;;;;;;;;;;;;;;0;0;;;;;;;;;;;;;;;;;;;;;;;;;;;;;;;;;
;Fita para Glicemia;Insumos;;;;x;;0;0;;;;;;;;;;;;;;;;;;;;;;;;;;;;;;;;;;;;;;;0;0;;;;;;;;;;;;;;;;;;;;;;;;;;;;;;;;;;;;;;;0;0;;;;;;;;;;;;;;;;;;;;;;;;;;;;;;;;;;;;;;;0;0;;;;;;;;;;;;;;;;;;;;;;;;;;;;;;;;;;;;;;;0;0;;;;;;;;;;;;;;;;;;;;;;;;;;;;;;;;;
;Flouresceína Sódica;Insumos;;;;x;;0;0;;;;;;;;;;;;;;;;;;;;;;;;;;;;;;;;;;;;;;;0;0;;;;;;;;;;;;;;;;;;;;;;;;;;;;;;;;;;;;;;;0;0;;;;;;;;;;;;;;;;;;;;;;;;;;;;;;;;;;;;;;;0;0;;;;;;;;;;;;;;;;;;;;;;;;;;;;;;;;;;;;;;;0;0;;;;;;;;;;;;;;;;;;;;;;;;;;;;;;;;;
;Formol;Insumos;;;;x;;0;0;;;;;;;;;;;;;;;;;;;;;;;;;;;;;;;;;;;;;;;0;0;;;;;;;;;;;;;;;;;;;;;;;;;;;;;;;;;;;;;;;0;0;;;;;;;;;;;;;;;;;;;;;;;;;;;;;;;;;;;;;;;0;0;;;;;;;;;;;;;;;;;;;;;;;;;;;;;;;;;;;;;;;0;0;;;;;;;;;;;;;;;;;;;;;;;;;;;;;;;;;
;Furosemida;Insumos;;;;x;;0;0;;;;;;;;;;;;;;;;;;;;;;;;;;;;;;;;;;;;;;;0;0;;;;;;;;;;;;;;;;;;;;;;;;;;;;;;;;;;;;;;;0;0;;;;;;;;;;;;;;;;;;;;;;;;;;;;;;;;;;;;;;;0;0;;;;;;;;;;;;;;;;;;;;;;;;;;;;;;;;;;;;;;;0;0;;;;;;;;;;;;;;;;;;;;;;;;;;;;;;;;;
;Gaze;Insumos;;;;x;;0;0;;;;;;;;;;;;;;;;;;;;;;;;;;;;;;;;;;;;;;;0;0;;;;;;;;;;;;;;;;;;;;;;;;;;;;;;;;;;;;;;;0;0;;;;;;;;;;;;;;;;;;;;;;;;;;;;;;;;;;;;;;;0;0;;;;;;;;;;;;;;;;;;;;;;;;;;;;;;;;;;;;;;;0;0;;;;;;;;;;;;;;;;;;;;;;;;;;;;;;;;;
;Glicose (bolsa) 5%;Insumos;;;;x;;0;0;;;;;;;;;;;;;;;;;;;;;;;;;;;;;;;;;;;;;;;0;0;;;;;;;;;;;;;;;;;;;;;;;;;;;;;;;;;;;;;;;0;0;;;;;;;;;;;;;;;;;;;;;;;;;;;;;;;;;;;;;;;0;0;;;;;;;;;;;;;;;;;;;;;;;;;;;;;;;;;;;;;;;0;0;;;;;;;;;;;;;;;;;;;;;;;;;;;;;;;;;
;Glicose 50%;Insumos;;102;x;;;18;84;;;;;;;2;;3;5;;5;3;;;;;;;;;;;;;;;;;;;;;;21;;;;16;5;;;;;;;;;3;5;;5;3;;;;;;;;;;;;;;;;;;;;;;;;;;0;0;;;;;;;;;;;;;;;;;;;;;;;;;;;;;;;;;;;;;;;0;0;;;;;;;;;;;;;;;;;;;;;;;;;;;;;;;;;;;;;;;0;0;;;;;;;;;;;;;;;;;;;;;;;;;;;;;;;;;
;Hemitartarato de Norepinefrina;Insumos;;1;;x;;1;0;;;;;;;;;;;1;;;;;;;;;;;;;;;;;;;;;;;;;;;;0;0;;;;;;;;;;;;;;;;;;;;;;;;;;;;;;;;;;;;;;;0;0;;;;;;;;;;;;;;;;;;;;;;;;;;;;;;;;;;;;;;;0;0;;;;;;;;;;;;;;;;;;;;;;;;;;;;;;;;;;;2;;;;1;1;;;;;;;;;;;1;;;;;;;;;;;;;;;;;;;;;;
;Hidrocortisona;Insumos;;;;x;;0;0;;;;;;;;;;;;;;;;;;;;;;;;;;;;;;;;;;;;;;;0;0;;;;;;;;;;;;;;;;;;;;;;;;;;;;;;;;;;;;;;;0;0;;;;;;;;;;;;;;;;;;;;;;;;;;;;;;;;;;;;;;;0;0;;;;;;;;;;;;;;;;;;;;;;;;;;;;;;;;;;;;;;;0;0;;;;;;;;;;;;;;;;;;;;;;;;;;;;;;;;;
;Hyplex B;Insumos;;10;;x;;6;4;;;1;;1;;;1;;;;;1;;;1;;;;1;;;;;;;;;;;;;;;7;;;;6;1;;;1;;1;;;1;;;;;1;;;1;;;;1;;;;;;;;;;;;;;;;;;;0;0;;;;;;;;;;;;;;;;;;;;;;;;;;;;;;;;;;;;;;;0;0;;;;;;;;;;;;;;;;;;;;;;;;;;;;;;;;;;;;;;;0;0;;;;;;;;;;;;;;;;;;;;;;;;;;;;;;;;;
;Lamina para Bisturi N°24;Insumos;;;x;;;0;0;;;;;;;;;;;;;;;;;;;;;;;;;;;;;;;;;;;;;;;0;0;;;;;;;;;;;;;;;;;;;;;;;;;;;;;;;;;;;14;;;;9;5;;;;;;;;;;2;;;2;;;5;;;;;;;;;;;;;;;;;;;25;;;;10;15;;;;;;;;1;;2;;;2;;;5;;;;;;;;;;;;;;;;;;;;;;;0;0;;;;;;;;;;;;;;;;;;;;;;;;;;;;;;;;;
;Lidocaina com vaso;Insumos;;21;x;;;0;21;;;;;;;;;;;;;;;;;;;;;;;;;;;;;;;;;;;;;;;0;0;;;;;;;;;;;;;;;;;;;;;;;;;;;;;;;;;;;;;;;0;0;;;;;;;;;;;;;;;;;;;;;;;;;;;;;;;;;;;;;;;0;0;;;;;;;;;;;;;;;;;;;;;;;;;;;;;;;;;;;;;;;0;0;;;;;;;;;;;;;;;;;;;;;;;;;;;;;;;;;
;Lidocaina sem vaso;Insumos;;340;x;;;5;335;;;;;;;;;5;;;;;;;;;;;;;;;;;;;;;;;;;;10;;;;5;5;;;;;;;;;5;;;;;;;;;;;;;;;;;;;;;;;;;;;;;;0;0;;;;;;;;;;;;;;;;;;;;;;;;;;;;;;;;;;;;;;;0;0;;;;;;;;;;;;;;;;;;;;;;;;;;;;;;;;;;;;;;;0;0;;;;;;;;;;;;;;;;;;;;;;;;;;;;;;;;;
;Luva Cirúrgica;Insumos;;;x;;;0;0;;;;;;;;;;;;;;;;;;;;;;;;;;;;;;;;;;;;;;;0;0;;;;;;;;;;;;;;;;;;;;;;;;;;;;;;;;;;;;;;;3;-3;;;;;;;;;;;;;1;2;;;;;;;;;;;;;;;;;;;;;25;;;;2;23;;;;;;;;;;;;;;2;;;;;;;;;;;;;;;;;;;;;;;;;0;0;;;;;;;;;;;;;;;;;;;;;;;;;;;;;;;;;
;Luva M;Insumos;;;x;;;0;0;;;;;;;;;;;;;;;;;;;;;;;;;;;;;;;;;;;;;;;0;0;;;;;;;;;;;;;;;;;;;;;;;;;;;;;;;;;;;;;;;0;0;;;;;;;;;;;;;;;;;;;;;;;;;;;;;;;;;;;;;;;3;-3;;;;;;;;2;;;;;1;;;;;;;;;;;;;;;;;;;;;;;;;;0;0;;;;;;;;;;;;;;;;;;;;;;;;;;;;;;;;;
;Luva P;Insumos;;3;;x;;1;2;;;;;;;;;;;;;1;;;;;;;;;;;;;;;;;;;;;;;;;;0;0;;;;;;;;;;;;;;;;;;;;;;;;;;;;;;;;;;;;;;;0;0;;;;;;;;;;;;;;;;;;;;;;;;;;;;;;;;;;;;;;;0;0;;;;;;;;;;;;;;;;;;;;;;;;;;;;;;;;;;;2;;;;1;1;;;;;;;;;;;;;1;;;;;;;;;;;;;;;;;;;;
;Manitol 20%;Insumos;;;;x;;0;0;;;;;;;;;;;;;;;;;;;;;;;;;;;;;;;;;;;;;;;0;0;;;;;;;;;;;;;;;;;;;;;;;;;;;;;;;;;;;;;;;0;0;;;;;;;;;;;;;;;;;;;;;;;;;;;;;;;;;;;;;;;0;0;;;;;;;;;;;;;;;;;;;;;;;;;;;;;;;;;;;;;;;0;0;;;;;;;;;;;;;;;;;;;;;;;;;;;;;;;;;
;Máscaras;Insumos;;;x;;;0;0;;;;;;;;;;;;;;;;;;;;;;;;;;;;;;;;;;;;;;;0;0;;;;;;;;;;;;;;;;;;;;;;;;;;;;;;;;;;;;;;;0;0;;;;;;;;;;;;;;;;;;;;;;;;;;;;;;;;;;;;;;;0;0;;;;;;;;;;;;;;;;;;;;;;;;;;;;;;;;;;;;;;;0;0;;;;;;;;;;;;;;;;;;;;;;;;;;;;;;;;;
;Metadona;Insumos;;2;;x;;0;2;;;;;;;;;;;;;;;;;;;;;;;;;;;;;;;;;;;;;;;0;0;;;;;;;;;;;;;;;;;;;;;;;;;;;;;;;;;;;;;;;0;0;;;;;;;;;;;;;;;;;;;;;;;;;;;;;;;;;;;;;;;0;0;;;;;;;;;;;;;;;;;;;;;;;;;;;;;;;;;;;;;;;0;0;;;;;;;;;;;;;;;;;;;;;;;;;;;;;;;;;
;Micropore;Insumos;;;;x;;0;0;;;;;;;;;;;;;;;;;;;;;;;;;;;;;;;;;;;;;;;0;0;;;;;;;;;;;;;;;;;;;;;;;;;;;;;;;;;;;;;;;0;0;;;;;;;;;;;;;;;;;;;;;;;;;;;;;;;;;;;;;;;0;0;;;;;;;;;;;;;;;;;;;;;;;;;;;;;;;;;;;;;;;0;0;;;;;;;;;;;;;;;;;;;;;;;;;;;;;;;;;
;Midazolam;Insumos;;2;x;;;2;0;;;;;;;;;;;;;1;1;;;;;;;;;;;;;;;;;;;;;;;;;0;0;;;;;;;;;;;;;;;;;;;;;;;;;;;;;;;;;;;;;;;0;0;;;;;;;;;;;;;;;;;;;;;;;;;;;;;;;;;;;;;;;0;0;;;;;;;;;;;;;;;;;;;;;;;;;;;;;;;;;;;3;;;;2;1;;;;;;;;;;;;;1;1;;;;;;;;;;;;;;;;;;;
;Morfina;Insumos;;;x;;;0;0;;;;;;;;;;;;;;;;;;;;;;;;;;;;;;;;;;;;;;;0;0;;;;;;;;;;;;;;;;;;;;;;;;;;;;;;;;;;;;;;;0;0;;;;;;;;;;;;;;;;;;;;;;;;;;;;;;;;;;;;;;;0;0;;;;;;;;;;;;;;;;;;;;;;;;;;;;;;;;;;;;;;;0;0;;;;;;;;;;;;;;;;;;;;;;;;;;;;;;;;;
;Noprosil (Plasil);Insumos;;;x;;;1;-1;;;;;;;;;;;;;1;;;;;;;;;;;;;;;;;;;;;;;;;;0;0;;;;;;;;;;;;;;;;;;;;;;;;;;;;;;;;;;;;;;;0;0;;;;;;;;;;;;;;;;;;;;;;;;;;;;;;;;;;;;;;;0;0;;;;;;;;;;;;;;;;;;;;;;;;;;;;;;;;;;;2;;;;1;1;;;;;;;;;;;;;1;;;;;;;;;;;;;;;;;;;;
;Norepinefrina;Insumos;;34;x;;;6;28;;;1;;1;;1;1;1;;;;;;;;;;;1;;;;;;;;;;;;;;;7;;;;6;1;;;1;;1;;1;1;1;;;;;;;;;;;1;;;;;;;;;;;;;;;;;;;0;0;;;;;;;;;;;;;;;;;;;;;;;;;;;;;;;;;;;;;;;0;0;;;;;;;;;;;;;;;;;;;;;;;;;;;;;;;;;;;;;;;0;0;;;;;;;;;;;;;;;;;;;;;;;;;;;;;;;;;
;Omeprazol;Insumos;;215;x;;;13;202;;;;;;;5;5;;;;;;;;;;;;3;;;;;;;;;;;;;;;18;;;;13;5;;;;;;;5;5;;;;;;;;;;;;3;;;;;;;;;;;;;;;;;;;0;0;;;;;;;;;;;;;;;;;;;;;;;;;;;;;;;;;;;;;;;0;0;;;;;;;;;;;;;;;;;;;;;;;;;;;;;;;;;;;;;;;0;0;;;;;;;;;;;;;;;;;;;;;;;;;;;;;;;;;
;Ondansetrona;Insumos;;2;x;;;1;1;;;1;;;;;;;;;;;;;;;;;;;;;;;;;;;;;;;;;;;;0;0;;;;;;;;;;;;;;;;;;;;;;;;;;;;;;;;;;;;;;;0;0;;;;;;;;;;;;;;;;;;;;;;;;;;;;;;;;;;;;;;;0;0;;;;;;;;;;;;;;;;;;;;;;;;;;;;;;;;;;;2;;;;1;1;;;1;;;;;;;;;;;;;;;;;;;;;;;;;;;;;;
;Prometazol;Insumos;;;x;;;0;0;;;;;;;;;;;;;;;;;;;;;;;;;;;;;;;;;;;;;;;0;0;;;;;;;;;;;;;;;;;;;;;;;;;;;;;;;;;;;;;;;0;0;;;;;;;;;;;;;;;;;;;;;;;;;;;;;;;;;;;;;;;0;0;;;;;;;;;;;;;;;;;;;;;;;;;;;;;;;;;;;;;;;0;0;;;;;;;;;;;;;;;;;;;;;;;;;;;;;;;;;
;Propofol;Insumos;;;x;;;0;0;;;;;;;;;;;;;;;;;;;;;;;;;;;;;;;;;;;;;;;0;0;;;;;;;;;;;;;;;;;;;;;;;;;;;;;;;;;;;;;;;0;0;;;;;;;;;;;;;;;;;;;;;;;;;;;;;;;;;;;;;;;0;0;;;;;;;;;;;;;;;;;;;;;;;;;;;;;;;;;;;;;;;0;0;;;;;;;;;;;;;;;;;;;;;;;;;;;;;;;;;
;Seringa 01 ml;Insumos;;;x;;;0;0;;;;;;;;;;;;;;;;;;;;;;;;;;;;;;;;;;;;;;;0;0;;;;;;;;;;;;;;;;;;;;;;;;;;;;;;;;;;;;;;;0;0;;;;;;;;;;;;;;;;;;;;;;;;;;;;;;;;;;;;;;;0;0;;;;;;;;;;;;;;;;;;;;;;;;;;;;;;;;;;;;;;;0;0;;;;;;;;;;;;;;;;;;;;;;;;;;;;;;;;;
;Seringa 03 ml;Insumos;;;x;;;0;0;;;;;;;;;;;;;;;;;;;;;;;;;;;;;;;;;;;;;;;0;0;;;;;;;;;;;;;;;;;;;;;;;;;;;;;;;;;;;;;;;0;0;;;;;;;;;;;;;;;;;;;;;;;;;;;;;;;;;;;;;;;0;0;;;;;;;;;;;;;;;;;;;;;;;;;;;;;;;;;;;;;;;0;0;;;;;;;;;;;;;;;;;;;;;;;;;;;;;;;;;
;Seringa 05 ml;Insumos;;2;;x;;2;0;;;;;;;;;;;;;1;1;;;;;;;;;;;;;;;;;;;;;;;;;0;0;;;;;;;;;;;;;;;;;;;;;;;;;;;;;;;;;;;;;;;0;0;;;;;;;;;;;;;;;;;;;;;;;;;;;;;;;;;;;;;;;0;0;;;;;;;;;;;;;;;;;;;;;;;;;;;;;;;;;;;3;;;;2;1;;;;;;;;;;;1;;;1;;;;;;;;;;;;;;;;;;;
;Seringa 10 ml;Insumos;;1;;x;;0;1;;;;;;;;;;;;;;;;;;;;;;;;;;;;;;;;;;;;;;;0;0;;;;;;;;;;;;;;;;;;;;;;;;;;;;;;;;;;;;;;;0;0;;;;;;;;;;;;;;;;;;;;;;;;;;;;;;;;;;;;;;;0;0;;;;;;;;;;;;;;;;;;;;;;;;;;;;;;;;;;;;;;;0;0;;;;;;;;;;;;;;;;;;;;;;;;;;;;;;;;;
;Seringa 20 ml;Insumos;;;x;;;0;0;;;;;;;;;;;;;;;;;;;;;;;;;;;;;;;;;;;;;;;0;0;;;;;;;;;;;;;;;;;;;;;;;;;;;;;;;;;;;;;;;0;0;;;;;;;;;;;;;;;;;;;;;;;;;;;;;;;;;;;;;;;0;0;;;;;;;;;;;;;;;;;;;;;;;;;;;;;;;;;;;;;;;0;0;;;;;;;;;;;;;;;;;;;;;;;;;;;;;;;;;
;Seringa para hemogasometria;Insumos;;;x;;;0;0;;;;;;;;;;;;;;;;;;;;;;;;;;;;;;;;;;;;;;;0;0;;;;;;;;;;;;;;;;;;;;;;;;;;;;;;;;;;;6;;;;1;5;;;;;;;;;;1;;;;;;;;;;;;;;;;;;;;;;;;;;;;;1;-1;;;;;;;;;;1;;;;;;;;;;;;;;;;;;;;;;;;;;;;;0;0;;;;;;;;;;;;;;;;;;;;;;;;;;;;;;;;;
;Seringa para Insulina;Insumos;;;x;;;0;0;;;;;;;;;;;;;;;;;;;;;;;;;;;;;;;;;;;;;;;0;0;;;;;;;;;;;;;;;;;;;;;;;;;;;;;;;;;;;;;;;0;0;;;;;;;;;;;;;;;;;;;;;;;;;;;;;;;;;;;;;;;0;0;;;;;;;;;;;;;;;;;;;;;;;;;;;;;;;;;;;;;;;0;0;;;;;;;;;;;;;;;;;;;;;;;;;;;;;;;;;
;Sonda Nasogástrica N°04;Insumos;;;x;;;0;0;;;;;;;;;;;;;;;;;;;;;;;;;;;;;;;;;;;;;;;0;0;;;;;;;;;;;;;;;;;;;;;;;;;;;;;;;;;;;;;;;0;0;;;;;;;;;;;;;;;;;;;;;;;;;;;;;;;;;;;;;;;0;0;;;;;;;;;;;;;;;;;;;;;;;;;;;;;;;;;;;;;;;0;0;;;;;;;;;;;;;;;;;;;;;;;;;;;;;;;;;
;Sonda Nasogástrica N°06;Insumos;;;x;;;0;0;;;;;;;;;;;;;;;;;;;;;;;;;;;;;;;;;;;;;;;0;0;;;;;;;;;;;;;;;;;;;;;;;;;;;;;;;;;;;;;;;0;0;;;;;;;;;;;;;;;;;;;;;;;;;;;;;;;;;;;;;;;0;0;;;;;;;;;;;;;;;;;;;;;;;;;;;;;;;;;;;;;;;0;0;;;;;;;;;;;;;;;;;;;;;;;;;;;;;;;;;
;Sonda Nasogástrica N°08;Insumos;;;x;;;0;0;;;;;;;;;;;;;;;;;;;;;;;;;;;;;;;;;;;;;;;0;0;;;;;;;;;;;;;;;;;;;;;;;;;;;;;;;;;;;;;;;0;0;;;;;;;;;;;;;;;;;;;;;;;;;;;;;;;;;;;;;;;0;0;;;;;;;;;;;;;;;;;;;;;;;;;;;;;;;;;;;;;;;0;0;;;;;;;;;;;;;;;;;;;;;;;;;;;;;;;;;
;Sonda Nasogástrica N°10;Insumos;;;x;;;0;0;;;;;;;;;;;;;;;;;;;;;;;;;;;;;;;;;;;;;;;0;0;;;;;;;;;;;;;;;;;;;;;;;;;;;;;;;;;;;;;;;0;0;;;;;;;;;;;;;;;;;;;;;;;;;;;;;;;;;;;;;;;1;-1;;;;;;;;1;;;;;;;;;;;;;;;;;;;;;;;;;;;;;;;0;0;;;;;;;;;;;;;;;;;;;;;;;;;;;;;;;;;
;Sonda Nasogástrica N°12;Insumos;;8;;x;;0;8;;;;;;;;;;;;;;;;;;;;;;;;;;;;;;;;;;;;;;;0;0;;;;;;;;;;;;;;;;;;;;;;;;;;;;;;;;;;;;;;;0;0;;;;;;;;;;;;;;;;;;;;;;;;;;;;;;;;;;;;;;;0;0;;;;;;;;;;;;;;;;;;;;;;;;;;;;;;;;;;;;;;;0;0;;;;;;;;;;;;;;;;;;;;;;;;;;;;;;;;;
;Sonda Uretral N°04;Insumos;;16;;x;;1;15;;;;;;;;;;1;;;;;;;;;;;;;;;;;;;;;;;;;2;;;;1;1;;;;;;;;;;1;;;;;;;;;;;;;;;;;;;;;;;;;;;;;0;0;;;;;;;;;;;;;;;;;;;;;;;;;;;;;;;;;;;;;;;0;0;;;;;;;;;;;;;;;;;;;;;;;;;;;;;;;;;;;;;;;0;0;;;;;;;;;;;;;;;;;;;;;;;;;;;;;;;;;
;Sonda Uretral N°06;Insumos;;92;x;;;9;83;;;5;;;;2;;;;;;;;;;2;;;;;;;;;;;;;;;;;;14;;;;9;5;;;5;;;;2;;;;;;;;;;2;;;;;;;;;;;;;;;;;;;;;;0;0;;;;;;;;;;;;;;;;;;;;;;;;;;;;;;;;;;;;;;;0;0;;;;;;;;;;;;;;;;;;;;;;;;;;;;;;;;;;;;;;;0;0;;;;;;;;;;;;;;;;;;;;;;;;;;;;;;;;;
;Sonda Uretral N°08;Insumos;;13;;x;;3;10;;;;;1;;1;;;;;;;;;;;;;1;;;;;;;;;;;;;;;4;;;;3;1;;;;;1;;1;;;;;;;;;;;;;1;;;;;;;;;;;;;;;;;;;0;0;;;;;;;;;;;;;;;;;;;;;;;;;;;;;;;;;;;;;;;0;0;;;;;;;;;;;;;;;;;;;;;;;;;;;;;;;;;;;;;;;0;0;;;;;;;;;;;;;;;;;;;;;;;;;;;;;;;;;
;Sonda Uretral N°10;Insumos;;12;;x;;2;10;;;;;;;1;;;;;;;1;;;;;;;;;;;;;;;;;;;;;3;;;;2;1;;;;;;;1;;;;;;;1;;;;;;;;;;;;;;;;;;;;;;;;;0;0;;;;;;;;;;;;;;;;;;;;;;;;;;;;;;;;;;;;;;;0;0;;;;;;;;;;;;;;;;;;;;;;;;;;;;;;;;;;;;;;;0;0;;;;;;;;;;;;;;;;;;;;;;;;;;;;;;;;;
;Sonda Uretral N°12;Insumos;;;x;;;0;0;;;;;;;;;;;;;;;;;;;;;;;;;;;;;;;;;;;;;;;0;0;;;;;;;;;;;;;;;;;;;;;;;;;;;;;;;;;;;;;;;0;0;;;;;;;;;;;;;;;;;;;;;;;;;;;;;;;;;;;;;;;0;0;;;;;;;;;;;;;;;;;;;;;;;;;;;;;;;;;;;;;;;0;0;;;;;;;;;;;;;;;;;;;;;;;;;;;;;;;;;
;Sonda Uretral N°14;Insumos;;;;x;;0;0;;;;;;;;;;;;;;;;;;;;;;;;;;;;;;;;;;;;;;;0;0;;;;;;;;;;;;;;;;;;;;;;;;;;;;;;;;;;;;;;;0;0;;;;;;;;;;;;;;;;;;;;;;;;;;;;;;;;;;;;;;;0;0;;;;;;;;;;;;;;;;;;;;;;;;;;;;;;;;;;;;;;;0;0;;;;;;;;;;;;;;;;;;;;;;;;;;;;;;;;;
;Sonda Uretral para Gatos;Insumos;;;x;;;5;-5;;;5;;;;;;;;;;;;;;;;;;;;;;;;;;;;;;;;10;;;;5;5;;;5;;;;;;;;;;;;;;;;;;;;;;;;;;;;;;;;;;;;0;0;;;;;;;;;;;;;;;;;;;;;;;;;;;;;;;;;;;;;;;0;0;;;;;;;;;;;;;;;;;;;;;;;;;;;;;;;;;;;;;;;0;0;;;;;;;;;;;;;;;;;;;;;;;;;;;;;;;;;
;Sulbactam + ampicilina;Insumos;;;;x;;0;0;;;;;;;;;;;;;;;;;;;;;;;;;;;;;;;;;;;;;;;0;0;;;;;;;;;;;;;;;;;;;;;;;;;;;;;;;;;;;;;;;0;0;;;;;;;;;;;;;;;;;;;;;;;;;;;;;;;;;;;;;;;0;0;;;;;;;;;;;;;;;;;;;;;;;;;;;;;;;;;;;;;;;0;0;;;;;;;;;;;;;;;;;;;;;;;;;;;;;;;;;
;Torneiras de 3 vias;Insumos;;;;x;;0;0;;;;;;;;;;;;;;;;;;;;;;;;;;;;;;;;;;;;;;;0;0;;;;;;;;;;;;;;;;;;;;;;;;;;;;;;;;;;;;;;;0;0;;;;;;;;;;;;;;;;;;;;;;;;;;;;;;;;;;;;;;;0;0;;;;;;;;;;;;;;;;;;;;;;;;;;;;;;;;;;;;;;;0;0;;;;;;;;;;;;;;;;;;;;;;;;;;;;;;;;;
;Turma da Monica - Frango c/ Maçã;Insumos;;;;x;;0;0;;;;;;;;;;;;;;;;;;;;;;;;;;;;;;;;;;;;;;;0;0;;;;;;;;;;;;;;;;;;;;;;;;;;;;;;;;;;;;;;;0;0;;;;;;;;;;;;;;;;;;;;;;;;;;;;;;;;;;;;;;;0;0;;;;;;;;;;;;;;;;;;;;;;;;;;;;;;;;;;;;;;;0;0;;;;;;;;;;;;;;;;;;;;;;;;;;;;;;;;;
;Turma da Monica - Frango c/ Legumes;Insumos;;3;;x;;0;3;;;;;;;;;;;;;;;;;;;;;;;;;;;;;;;;;;;;;;;0;0;;;;;;;;;;;;;;;;;;;;;;;;;;;;;;;;;;;;;;;0;0;;;;;;;;;;;;;;;;;;;;;;;;;;;;;;;;;;;;;;;0;0;;;;;;;;;;;;;;;;;;;;;;;;;;;;;;;;;;;;;;;0;0;;;;;;;;;;;;;;;;;;;;;;;;;;;;;;;;;
;Turma da Monica - Carne c/ Especiarias;Insumos;;136;x;;;30;106;;;3;;3;3;5;5;;;;5;;;;3;;;;3;;;;;;;;;;;;;;;33;;;;28;5;;;3;;3;3;3;5;;;;5;;;;3;;;;3;;;;;;;;;;;;;;;;;;;0;0;;;;;;;;;;;;;;;;;;;;;;;;;;;;;;;;;;;;;;;0;0;;;;;;;;;;;;;;;;;;;;;;;;;;;;;;;;;;;;;;;0;0;;;;;;;;;;;;;;;;;;;;;;;;;;;;;;;;;
;Turma da Monica - Carne c/ Legumes;Insumos;;;;x;;1;-1;;;;;1;;;;;;;;;;;;;;;;;;;;;;;;;;;;;;;;;;0;0;;;;;;;;;;;;;;;;;;;;;;;;;;;;;;;;;;;;;;;0;0;;;;;;;;;;;;;;;;;;;;;;;;;;;;;;;;;;;;;;;0;0;;;;;;;;;;;;;;;;;;;;;;;;;;;;;;;;;;;2;;;;1;1;;;;;1;;;;;;;;;;;;;;;;;;;;;;;;;;;;
;Turma da Monica - Cumbuquinha de Peru;Insumos;;;;x;;1;-1;;;;;1;;;;;;;;;;;;;;;;;;;;;;;;;;;;;;;;;;0;0;;;;;;;;;;;;;;;;;;;;;;;;;;;;;;;;;;;;;;;0;0;;;;;;;;;;;;;;;;;;;;;;;;;;;;;;;;;;;;;;;0;0;;;;;;;;;;;;;;;;;;;;;;;;;;;;;;;;;;;2;;;;1;1;;;;;1;;;;;;;;;;;;;;;;;;;;;;;;;;;;
;Turma da Monica - Peru c/ Legumes;Insumos;;13;x;;;0;13;;;;;;;;;;;;;;;;;;;;;;;;;;;;;;;;;;;;;;;0;0;;;;;;;;;;;;;;;;;;;;;;;;;;;;;;;;;;;;;;;0;0;;;;;;;;;;;;;;;;;;;;;;;;;;;;;;;;;;;;;;;0;0;;;;;;;;;;;;;;;;;;;;;;;;;;;;;;;;;;;;;;;0;0;;;;;;;;;;;;;;;;;;;;;;;;;;;;;;;;;
;Turma da Monica - Papinha de Frango;Insumos;;33;x;;;2;31;;;;;;;2;;;;;;;;;;;;;;;;;;;;;;;;;;;;5;;;;0;5;;;;;;;;;;;;;;;;;;;;;;;;;;;;;;;;;;;;;;;0;0;;;;;;;;;;;;;;;;;;;;;;;;;;;;;;;;;;;;;;;0;0;;;;;;;;;;;;;;;;;;;;;;;;;;;;;;;;;;;;;;;0;0;;;;;;;;;;;;;;;;;;;;;;;;;;;;;;;;;
;Turma da Monica - GATO - Filé Mignon;Insumos;;2;;x;;1;1;;;;;;;;;;;;;;1;;;;;;;;;;;;;;;;;;;;;;;;;0;0;;;;;;;;;;;;;;;;;;;;;;;;;;;;;;;;;;;;;;;0;0;;;;;;;;;;;;;;;;;;;;;;;;;;;;;;;;;;;;;;;0;0;;;;;;;;;;;;;;;;;;;;;;;;;;;;;;;;;;;2;;;;1;1;;;;;;;;;;;;;;1;;;;;;;;;;;;;;;;;;;
;Turma da Monica - GATO - Salmão;Insumos;;104;x;;;2;102;;;;;;;2;;;;;;;;;;;;;;;;;;;;;;;;;;;;5;;;;0;5;;;;;;;;;;;;;;;;;;;;;;;;;;;;;;;;;;;;;;;0;0;;;;;;;;;;;;;;;;;;;;;;;;;;;;;;;;;;;;;;;0;0;;;;;;;;;;;;;;;;;;;;;;;;;;;;;;;;;;;;;;;0;0;;;;;;;;;;;;;;;;;;;;;;;;;;;;;;;;;
;Tramal;Insumos;;;;x;;0;0;;;;;;;;;;;;;;;;;;;;;;;;;;;;;;;;;;;;;;;0;0;;;;;;;;;;;;;;;;;;;;;;;;;;;;;;;;;;;;;;;0;0;;;;;;;;;;;;;;;;;;;;;;;;;;;;;;;;;;;;;;;0;0;;;;;;;;;;;;;;;;;;;;;;;;;;;;;;;;;;;;;;;0;0;;;;;;;;;;;;;;;;;;;;;;;;;;;;;;;;;
;Transamin;Insumos;;206;x;;;10;196;;;;;;;;;5;;;;;5;;;;;;;;;;;;;;;;;;;;;15;;;;10;5;;;;;;;;;5;;;;;5;;;;;;;;;;;;;;;;;;;;;;;;;0;0;;;;;;;;;;;;;;;;;;;;;;;;;;;;;;;;;;;;;;;0;0;;;;;;;;;;;;;;;;;;;;;;;;;;;;;;;;;;;;;;;0;0;;;;;;;;;;;;;;;;;;;;;;;;;;;;;;;;;
;Tubo Endo Traqueal N°3;Insumos;;69;x;;;2;67;;;;;;;2;;;;;;;;;;;;;;;;;;;;;;;;;;;;5;;;;0;5;;;;;;;;;;;;;;;;;;;;;;;;;;;;;;;;;;;;;;;0;0;;;;;;;;;;;;;;;;;;;;;;;;;;;;;;;;;;;;;;;0;0;;;;;;;;;;;;;;;;;;;;;;;;;;;;;;;;;;;;;;;0;0;;;;;;;;;;;;;;;;;;;;;;;;;;;;;;;;;
;Tubo Endo Traqueal N°5;Insumos;;;;x;;0;0;;;;;;;;;;;;;;;;;;;;;;;;;;;;;;;;;;;;;;;0;0;;;;;;;;;;;;;;;;;;;;;;;;;;;;;;;;;;;;;;;0;0;;;;;;;;;;;;;;;;;;;;;;;;;;;;;;;;;;;;;;;0;0;;;;;;;;;;;;;;;;;;;;;;;;;;;;;;;;;;;;;;;0;0;;;;;;;;;;;;;;;;;;;;;;;;;;;;;;;;;
;Tubo Endo Traqueal N°6;Insumos;;;;x;;0;0;;;;;;;;;;;;;;;;;;;;;;;;;;;;;;;;;;;;;;;0;0;;;;;;;;;;;;;;;;;;;;;;;;;;;;;;;;;;;;;;;0;0;;;;;;;;;;;;;;;;;;;;;;;;;;;;;;;;;;;;;;;0;0;;;;;;;;;;;;;;;;;;;;;;;;;;;;;;;;;;;;;;;0;0;;;;;;;;;;;;;;;;;;;;;;;;;;;;;;;;;
;Tubo Endo Traqueal N°7;Insumos;;;;x;;0;0;;;;;;;;;;;;;;;;;;;;;;;;;;;;;;;;;;;;;;;0;0;;;;;;;;;;;;;;;;;;;;;;;;;;;;;;;;;;;;;;;0;0;;;;;;;;;;;;;;;;;;;;;;;;;;;;;;;;;;;;;;;0;0;;;;;;;;;;;;;;;;;;;;;;;;;;;;;;;;;;;;;;;0;0;;;;;;;;;;;;;;;;;;;;;;;;;;;;;;;;;
;Tubo Endo Traqueal N°7,5;Insumos;;;;x;;0;0;;;;;;;;;;;;;;;;;;;;;;;;;;;;;;;;;;;;;;;0;0;;;;;;;;;;;;;;;;;;;;;;;;;;;;;;;;;;;;;;;0;0;;;;;;;;;;;;;;;;;;;;;;;;;;;;;;;;;;;;;;;0;0;;;;;;;;;;;;;;;;;;;;;;;;;;;;;;;;;;;;;;;0;0;;;;;;;;;;;;;;;;;;;;;;;;;;;;;;;;;
;Tubo Endo Traqueal N°8;Insumos;;;;x;;0;0;;;;;;;;;;;;;;;;;;;;;;;;;;;;;;;;;;;;;;;0;0;;;;;;;;;;;;;;;;;;;;;;;;;;;;;;;;;;;;;;;0;0;;;;;;;;;;;;;;;;;;;;;;;;;;;;;;;;;;;;;;;0;0;;;;;;;;;;;;;;;;;;;;;;;;;;;;;;;;;;;;;;;0;0;;;;;;;;;;;;;;;;;;;;;;;;;;;;;;;;;
;Tubo Endo Traqueal N°8,5;Insumos;;29;x;;;3;26;;;;;;1;1;1;;;;;;;;;;;;;;;;;;;;;;;;;;;4;;;;3;1;;;;;;1;1;1;;;;;;;;;;;;;;;;;;;;;;;;;;;;;;;0;0;;;;;;;;;;;;;;;;;;;;;;;;;;;;;;;;;;;;;;;0;0;;;;;;;;;;;;;;;;;;;;;;;;;;;;;;;;;;;;;;;0;0;;;;;;;;;;;;;;;;;;;;;;;;;;;;;;;;;
;Tubo Endo Traqueal N°9;Insumos;;83;x;;;13;70;;;;;;;2;;3;;;5;3;;;;;;;;;;;;;;;;;;;;;;16;;;;11;5;;;;;;;;;3;;;5;3;;;;;;;;;;;;;;;;;;;;;;;;;;0;0;;;;;;;;;;;;;;;;;;;;;;;;;;;;;;;;;;;;;;;0;0;;;;;;;;;;;;;;;;;;;;;;;;;;;;;;;;;;;;;;;0;0;;;;;;;;;;;;;;;;;;;;;;;;;;;;;;;;;
;Tubo Extensor;Insumos;;;;x;;0;0;;;;;;;;;;;;;;;;;;;;;;;;;;;;;;;;;;;;;;;0;0;;;;;;;;;;;;;;;;;;;;;;;;;;;;;;;;;;;;;;;0;0;;;;;;;;;;;;;;;;;;;;;;;;;;;;;;;;;;;;;;;0;0;;;;;;;;;;;;;;;;;;;;;;;;;;;;;;;;;;;;;;;0;0;;;;;;;;;;;;;;;;;;;;;;;;;;;;;;;;;
;Vetrap;Insumos;;7;;x;;1;6;;;;;;;;;;;1;;;;;;;;;;;;;;;;;;;;;;;;;;;;0;0;;;;;;;;;;;;;;;;;;;;;;;;;;;;;;;;;;;;;;;0;0;;;;;;;;;;;;;;;;;;;;;;;;;;;;;;;;;;;;;;;0;0;;;;;;;;;;;;;;;;;;;;;;;;;;;;;;;;;;;2;;;;1;1;;;;;;;;;;;1;;;;;;;;;;;;;;;;;;;;;;
;Meticorten 20 mg;Msd;;2;x;;;0;2;;;;;;;;;;;;;;;;;;;;;;;;;;;;;;;;;;;;;;;0;0;;;;;;;;;;;;;;;;;;;;;;;;;;;;;;;;;;;;;;;0;0;;;;;;;;;;;;;;;;;;;;;;;;;;;;;;;;;;;;;;;0;0;;;;;;;;;;;;;;;;;;;;;;;;;;;;;;;;;;;;;;;0;0;;;;;;;;;;;;;;;;;;;;;;;;;;;;;;;;;
;Meticorten 5 mg;Msd;;;x;;;0;0;;;;;;;;;;;;;;;;;;;;;;;;;;;;;;;;;;;;;;;0;0;;;;;;;;;;;;;;;;;;;;;;;;;;;;;;;;;;;;;;;0;0;;;;;;;;;;;;;;;;;;;;;;;;;;;;;;;;;;;;;;;0;0;;;;;;;;;;;;;;;;;;;;;;;;;;;;;;;;;;;;;;;0;0;;;;;;;;;;;;;;;;;;;;;;;;;;;;;;;;;
;Colageno Dog Organnact;Organnact;;;x;;;0;0;;;;;;;;;;;;;;;;;;;;;;;;;;;;;;;;;;;;;;;0;0;;;;;;;;;;;;;;;;;;;;;;;;;;;;;;;;;;;;;;;0;0;;;;;;;;;;;;;;;;;;;;;;;;;;;;;;;;;;;;;;;0;0;;;;;;;;;;;;;;;;;;;;;;;;;;;;;;;;;;;;;;;0;0;;;;;;;;;;;;;;;;;;;;;;;;;;;;;;;;;
;Prohep Cat ;Organnact;;;x;;;0;0;;;;;;;;;;;;;;;;;;;;;;;;;;;;;;;;;;;;;;;0;0;;;;;;;;;;;;;;;;;;;;;;;;;;;;;;;;;;;;;;;0;0;;;;;;;;;;;;;;;;;;;;;;;;;;;;;;;;;;;;;;;0;0;;;;;;;;;;;;;;;;;;;;;;;;;;;;;;;;;;;;;;;0;0;;;;;;;;;;;;;;;;;;;;;;;;;;;;;;;;;
;Prohep Dog;Organnact;;;x;;;0;0;;;;;;;;;;;;;;;;;;;;;;;;;;;;;;;;;;;;;;;0;0;;;;;;;;;;;;;;;;;;;;;;;;;;;;;;;;;;;;;;;0;0;;;;;;;;;;;;;;;;;;;;;;;;;;;;;;;;;;;;;;;0;0;;;;;;;;;;;;;;;;;;;;;;;;;;;;;;;;;;;;;;;0;0;;;;;;;;;;;;;;;;;;;;;;;;;;;;;;;;;
;Promum Dog;Organnact;;;;x;;0;0;;;;;;;;;;;;;;;;;;;;;;;;;;;;;;;;;;;;;;;0;0;;;;;;;;;;;;;;;;;;;;;;;;;;;;;;;;;;;;;;;0;0;;;;;;;;;;;;;;;;;;;;;;;;;;;;;;;;;;;;;;;0;0;;;;;;;;;;;;;;;;;;;;;;;;;;;;;;;;;;;;;;;0;0;;;;;;;;;;;;;;;;;;;;;;;;;;;;;;;;;
;Fralda Fêmea PP;Petix;;;;x;;0;0;;;;;;;;;;;;;;;;;;;;;;;;;;;;;;;;;;;;;;;0;0;;;;;;;;;;;;;;;;;;;;;;;;;;;;;;;;;;;;;;;0;0;;;;;;;;;;;;;;;;;;;;;;;;;;;;;;;;;;;;;;;0;0;;;;;;;;;;;;;;;;;;;;;;;;;;;;;;;;;;;;;;;0;0;;;;;;;;;;;;;;;;;;;;;;;;;;;;;;;;;
;Fralda Fêmea P;Petix;;3;;x;;2;1;;;1;;1;;;;;;;;;;;;;;;;;;;;;;;;;;;;;;;;;;0;0;;;;;;;;;;;;;;;;;;;;;;;;;;;;;;;;;;;;;;;0;0;;;;;;;;;;;;;;;;;;;;;;;;;;;;;;;;;;;;;;;0;0;;;;;;;;;;;;;;;;;;;;;;;;;;;;;;;;;;;3;;;;2;1;;;1;;1;;;;;;;;;;;;;;;;;;;;;;;;;;;;
;Fralda Fêmea M;Petix;;;;x;;0;0;;;;;;;;;;;;;;;;;;;;;;;;;;;;;;;;;;;;;;;0;0;;;;;;;;;;;;;;;;;;;;;;;;;;;;;;;;;;;;;;;0;0;;;;;;;;;;;;;;;;;;;;;;;;;;;;;;;;;;;;;;;0;0;;;;;;;;;;;;;;;;;;;;;;;;;;;;;;;;;;;;;;;0;0;;;;;;;;;;;;;;;;;;;;;;;;;;;;;;;;;
;Fralda Fêmea G;Petix;;;;x;;0;0;;;;;;;;;;;;;;;;;;;;;;;;;;;;;;;;;;;;;;;0;0;;;;;;;;;;;;;;;;;;;;;;;;;;;;;;;;;;;;;;;0;0;;;;;;;;;;;;;;;;;;;;;;;;;;;;;;;;;;;;;;;0;0;;;;;;;;;;;;;;;;;;;;;;;;;;;;;;;;;;;;;;;0;0;;;;;;;;;;;;;;;;;;;;;;;;;;;;;;;;;
;Fralda Macho P;Petix;;;;x;;0;0;;;;;;;;;;;;;;;;;;;;;;;;;;;;;;;;;;;;;;;0;0;;;;;;;;;;;;;;;;;;;;;;;;;;;;;;;;;;;;;;;0;0;;;;;;;;;;;;;;;;;;;;;;;;;;;;;;;;;;;;;;;0;0;;;;;;;;;;;;;;;;;;;;;;;;;;;;;;;;;;;;;;;0;0;;;;;;;;;;;;;;;;;;;;;;;;;;;;;;;;;
;Fralda Macho M;Petix;;;;x;;0;0;;;;;;;;;;;;;;;;;;;;;;;;;;;;;;;;;;;;;;;0;0;;;;;;;;;;;;;;;;;;;;;;;;;;;;;;;;;;;;;;;0;0;;;;;;;;;;;;;;;;;;;;;;;;;;;;;;;;;;;;;;;0;0;;;;;;;;;;;;;;;;;;;;;;;;;;;;;;;;;;;;;;;0;0;;;;;;;;;;;;;;;;;;;;;;;;;;;;;;;;;
;Fralda Macho G;Petix;;;x;;;4;-4;;;2;;2;;;;;;;;;;;;;;;;;;;;;;;;;;;;;;;;;;0;0;;;;;;;;;;;;;;;;;;;;;;;;;;;;;;;;;;;;;;;0;0;;;;;;;;;;;;;;;;;;;;;;;;;;;;;;;;;;;;;;;0;0;;;;;;;;;;;;;;;;;;;;;;;;;;;;;;;;;;;6;;;;4;2;;;2;;2;;;;;;;;;;;;;;;;;;;;;;;;;;;;
;Tapete Higiênico;Petix;;;;x;;0;0;;;;;;;;;;;;;;;;;;;;;;;;;;;;;;;;;;;;;;;0;0;;;;;;;;;;;;;;;;;;;;;;;;;;;;;;;;;;;;;;;0;0;;;;;;;;;;;;;;;;;;;;;;;;;;;;;;;;;;;;;;;0;0;;;;;;;;;;;;;;;;;;;;;;;;;;;;;;;;;;;;;;;0;0;;;;;;;;;;;;;;;;;;;;;;;;;;;;;;;;;
;Roupa Cirurgica Unissex N°0;Pets Up;;;;x;;0;0;;;;;;;;;;;;;;;;;;;;;;;;;;;;;;;;;;;;;;;0;0;;;;;;;;;;;;;;;;;;;;;;;;;;;;;;;;;;;;;;;0;0;;;;;;;;;;;;;;;;;;;;;;;;;;;;;;;;;;;;;;;0;0;;;;;;;;;;;;;;;;;;;;;;;;;;;;;;;;;;;;;;;0;0;;;;;;;;;;;;;;;;;;;;;;;;;;;;;;;;;
;Roupa Cirurgica Unissex N°01;Pets Up;;128;;x;;2;126;;;;;;;2;;;;;;;;;;;;;;;;;;;;;;;;;;;;5;;;;0;5;;;;;;;;;;;;;;;;;;;;;;;;;;;;;;;;;;;;;;;0;0;;;;;;;;;;;;;;;;;;;;;;;;;;;;;;;;;;;;;;;0;0;;;;;;;;;;;;;;;;;;;;;;;;;;;;;;;;;;;;;;;0;0;;;;;;;;;;;;;;;;;;;;;;;;;;;;;;;;;
;Roupa Cirurgica Unissex N°02;Pets Up;;;;x;;0;0;;;;;;;;;;;;;;;;;;;;;;;;;;;;;;;;;;;;;;;0;0;;;;;;;;;;;;;;;;;;;;;;;;;;;;;;;;;;;;;;;0;0;;;;;;;;;;;;;;;;;;;;;;;;;;;;;;;;;;;;;;;0;0;;;;;;;;;;;;;;;;;;;;;;;;;;;;;;;;;;;;;;;0;0;;;;;;;;;;;;;;;;;;;;;;;;;;;;;;;;;
;Roupa Cirurgica Unissex N°04;Pets Up;;26;x;;;3;23;;;;;;;3;;;;;;;;;;;;;;;;;;;;;;;;;;;;5;;;;0;5;;;;;;;;;;;;;;;;;;;;;;;;;;;;;;;;;;;;;;;0;0;;;;;;;;;;;;;;;;;;;;;;;;;;;;;;;;;;;;;;;0;0;;;;;;;;;;;;;;;;;;;;;;;;;;;;;;;;;;;;;;;0;0;;;;;;;;;;;;;;;;;;;;;;;;;;;;;;;;;
;Roupa Cirurgica Unissex N°06;Pets Up;;;x;;;0;0;;;;;;;;;;;;;;;;;;;;;;;;;;;;;;;;;;;;;;;0;0;;;;;;;;;;;;;;;;;;;;;;;;;;;;;;;;;;;;;;;0;0;;;;;;;;;;;;;;;;;;;;;;;;;;;;;;;;;;;;;;;0;0;;;;;;;;;;;;;;;;;;;;;;;;;;;;;;;;;;;;;;;0;0;;;;;;;;;;;;;;;;;;;;;;;;;;;;;;;;;
;Roupa Cirurgica Unissex N°07;Pets Up;;;x;;;0;0;;;;;;;;;;;;;;;;;;;;;;;;;;;;;;;;;;;;;;;0;0;;;;;;;;;;;;;;;;;;;;;;;;;;;;;;;;;;;17;;;;12;5;;;;;;;;3;;1;;;3;;;5;;;;;;;;;;;;;;;;;;;24;;;;12;12;;;;;;;;3;;1;;;3;;;5;;;;;;;;;;;;;;;;;;;;;;;0;0;;;;;;;;;;;;;;;;;;;;;;;;;;;;;;;;;
;Roupa Cirurgica Macho N°0;Pets Up;;;;x;;0;0;;;;;;;;;;;;;;;;;;;;;;;;;;;;;;;;;;;;;;;0;0;;;;;;;;;;;;;;;;;;;;;;;;;;;;;;;;;;;;;;;0;0;;;;;;;;;;;;;;;;;;;;;;;;;;;;;;;;;;;;;;;0;0;;;;;;;;;;;;;;;;;;;;;;;;;;;;;;;;;;;;;;;0;0;;;;;;;;;;;;;;;;;;;;;;;;;;;;;;;;;
;Roupa Cirurgica Macho N°01;Pets Up;;;;x;;0;0;;;;;;;;;;;;;;;;;;;;;;;;;;;;;;;;;;;;;;;0;0;;;;;;;;;;;;;;;;;;;;;;;;;;;;;;;;;;;;;;;0;0;;;;;;;;;;;;;;;;;;;;;;;;;;;;;;;;;;;;;;;0;0;;;;;;;;;;;;;;;;;;;;;;;;;;;;;;;;;;;;;;;0;0;;;;;;;;;;;;;;;;;;;;;;;;;;;;;;;;;
;Roupa Cirurgica Macho N°02;Pets Up;;;;x;;1;-1;;;;;;;;;;;1;;;;;;;;;;;;;;;;;;;;;;;;;;;;0;0;;;;;;;;;;;;;;;;;;;;;;;;;;;;;;;;;;;;;;;0;0;;;;;;;;;;;;;;;;;;;;;;;;;;;;;;;;;;;;;;;0;0;;;;;;;;;;;;;;;;;;;;;;;;;;;;;;;;;;;2;;;;1;1;;;;;;;;;;;1;;;;;;;;;;;;;;;;;;;;;;
;Roupa Cirurgica Macho N°03;Pets Up;;;x;;;0;0;;;;;;;;;;;;;;;;;;;;;;;;;;;;;;;;;;;;;;;0;0;;;;;;;;;;;;;;;;;;;;;;;;;;;;;;;;;;;;;;;0;0;;;;;;;;;;;;;;;;;;;;;;;;;;;;;;;;;;;;;;;0;0;;;;;;;;;;;;;;;;;;;;;;;;;;;;;;;;;;;;;;;0;0;;;;;;;;;;;;;;;;;;;;;;;;;;;;;;;;;
;Roupa Cirurgica Macho N°04;Pets Up;;;x;;;0;0;;;;;;;;;;;;;;;;;;;;;;;;;;;;;;;;;;;;;;;0;0;;;;;;;;;;;;;;;;;;;;;;;;;;;;;;;;;;;;;;;0;0;;;;;;;;;;;;;;;;;;;;;;;;;;;;;;;;;;;;;;;0;0;;;;;;;;;;;;;;;;;;;;;;;;;;;;;;;;;;;;;;;0;0;;;;;;;;;;;;;;;;;;;;;;;;;;;;;;;;;
;Roupa Cirurgica Macho N°05;Pets Up;;;x;;;0;0;;;;;;;;;;;;;;;;;;;;;;;;;;;;;;;;;;;;;;;0;0;;;;;;;;;;;;;;;;;;;;;;;;;;;;;;;;;;;;;;;0;0;;;;;;;;;;;;;;;;;;;;;;;;;;;;;;;;;;;;;;;0;0;;;;;;;;;;;;;;;;;;;;;;;;;;;;;;;;;;;;;;;0;0;;;;;;;;;;;;;;;;;;;;;;;;;;;;;;;;;
;Roupa Cirurgica Macho N°06;Pets Up;;;x;;;0;0;;;;;;;;;;;;;;;;;;;;;;;;;;;;;;;;;;;;;;;0;0;;;;;;;;;;;;;;;;;;;;;;;;;;;;;;;;;;;;;;;0;0;;;;;;;;;;;;;;;;;;;;;;;;;;;;;;;;;;;;;;;0;0;;;;;;;;;;;;;;;;;;;;;;;;;;;;;;;;;;;;;;;0;0;;;;;;;;;;;;;;;;;;;;;;;;;;;;;;;;;
;Roupa Cirurgica Macho N°07;Pets Up;;;x;;;0;0;;;;;;;;;;;;;;;;;;;;;;;;;;;;;;;;;;;;;;;0;0;;;;;;;;;;;;;;;;;;;;;;;;;;;;;;;;;;;;;;;0;0;;;;;;;;;;;;;;;;;;;;;;;;;;;;;;;;;;;;;;;0;0;;;;;;;;;;;;;;;;;;;;;;;;;;;;;;;;;;;;;;;0;0;;;;;;;;;;;;;;;;;;;;;;;;;;;;;;;;;
;Roupa Cirurgica Macho N°09;Pets Up;;;x;;;0;0;;;;;;;;;;;;;;;;;;;;;;;;;;;;;;;;;;;;;;;0;0;;;;;;;;;;;;;;;;;;;;;;;;;;;;;;;;;;;;;;;0;0;;;;;;;;;;;;;;;;;;;;;;;;;;;;;;;;;;;;;;;0;0;;;;;;;;;;;;;;;;;;;;;;;;;;;;;;;;;;;;;;;0;0;;;;;;;;;;;;;;;;;;;;;;;;;;;;;;;;;
;A/d;Rações;;;x;;;0;0;;;;;;;;;;;;;;;;;;;;;;;;;;;;;;;;;;;;;;;0;0;;;;;;;;;;;;;;;;;;;;;;;;;;;;;;;;;;;;;;;0;0;;;;;;;;;;;;;;;;;;;;;;;;;;;;;;;;;;;;;;;0;0;;;;;;;;;;;;;;;;;;;;;;;;;;;;;;;;;;;;;;;0;0;;;;;;;;;;;;;;;;;;;;;;;;;;;;;;;;;
;Pet Delicia - Cães (carne);Rações;;;x;;;0;0;;;;;;;;;;;;;;;;;;;;;;;;;;;;;;;;;;;;;;;0;0;;;;;;;;;;;;;;;;;;;;;;;;;;;;;;;;;;;;;;;0;0;;;;;;;;;;;;;;;;;;;;;;;;;;;;;;;;;;;;;;;0;0;;;;;;;;;;;;;;;;;;;;;;;;;;;;;;;;;;;;;;;0;0;;;;;;;;;;;;;;;;;;;;;;;;;;;;;;;;;
;Pet Delicia - Cães (frango);Rações;;;x;;;0;0;;;;;;;;;;;;;;;;;;;;;;;;;;;;;;;;;;;;;;;0;0;;;;;;;;;;;;;;;;;;;;;;;;;;;;;;;;;;;;;;;0;0;;;;;;;;;;;;;;;;;;;;;;;;;;;;;;;;;;;;;;;0;0;;;;;;;;;;;;;;;;;;;;;;;;;;;;;;;;;;;;;;;0;0;;;;;;;;;;;;;;;;;;;;;;;;;;;;;;;;;
;Pet Delicia - Gatos (carne);Rações;;4;x;;;0;4;;;;;;;;;;;;;;;;;;;;;;;;;;;;;;;;;;;;;;;0;0;;;;;;;;;;;;;;;;;;;;;;;;;;;;;;;;;;;;;;;0;0;;;;;;;;;;;;;;;;;;;;;;;;;;;;;;;;;;;;;;;0;0;;;;;;;;;;;;;;;;;;;;;;;;;;;;;;;;;;;;;;;0;0;;;;;;;;;;;;;;;;;;;;;;;;;;;;;;;;;
;Acetilcisteína;Supermed;;;x;;;0;0;;;;;;;;;;;;;;;;;;;;;;;;;;;;;;;;;;;;;;;0;0;;;;;;;;;;;;;;;;;;;;;;;;;;;;;;;;;;;;;;;0;0;;;;;;;;;;;;;;;;;;;;;;;;;;;;;;;;;;;;;;;0;0;;;;;;;;;;;;;;;;;;;;;;;;;;;;;;;;;;;;;;;0;0;;;;;;;;;;;;;;;;;;;;;;;;;;;;;;;;;
;Acepran;Vetnil;;;x;;;0;0;;;;;;;;;;;;;;;;;;;;;;;;;;;;;;;;;;;;;;;0;0;;;;;;;;;;;;;;;;;;;;;;;;;;;;;;;;;;;;;;;0;0;;;;;;;;;;;;;;;;;;;;;;;;;;;;;;;;;;;;;;;0;0;;;;;;;;;;;;;;;;;;;;;;;;;;;;;;;;;;;;;;;0;0;;;;;;;;;;;;;;;;;;;;;;;;;;;;;;;;;
;Algivet;Vetnil;;;x;;;0;0;;;;;;;;;;;;;;;;;;;;;;;;;;;;;;;;;;;;;;;0;0;;;;;;;;;;;;;;;;;;;;;;;;;;;;;;;;;;;;;;;0;0;;;;;;;;;;;;;;;;;;;;;;;;;;;;;;;;;;;;;;;0;0;;;;;;;;;;;;;;;;;;;;;;;;;;;;;;;;;;;;;;;0;0;;;;;;;;;;;;;;;;;;;;;;;;;;;;;;;;;
;Ampicilina;Vetnil;;;x;;;0;0;;;;;;;;;;;;;;;;;;;;;;;;;;;;;;;;;;;;;;;0;0;;;;;;;;;;;;;;;;;;;;;;;;;;;;;;;;;;;;;;;0;0;;;;;;;;;;;;;;;;;;;;;;;;;;;;;;;;;;;;;;;0;0;;;;;;;;;;;;;;;;;;;;;;;;;;;;;;;;;;;;;;;0;0;;;;;;;;;;;;;;;;;;;;;;;;;;;;;;;;;
;Buscofin;Vetnil;;;x;;;0;0;;;;;;;;;;;;;;;;;;;;;;;;;;;;;;;;;;;;;;;0;0;;;;;;;;;;;;;;;;;;;;;;;;;;;;;;;;;;;;;;;0;0;;;;;;;;;;;;;;;;;;;;;;;;;;;;;;;;;;;;;;;0;0;;;;;;;;;;;;;;;;;;;;;;;;;;;;;;;;;;;;;;;0;0;;;;;;;;;;;;;;;;;;;;;;;;;;;;;;;;;
;Butorfanol (Butorfin);Vetnil;;;x;;;0;0;;;;;;;;;;;;;;;;;;;;;;;;;;;;;;;;;;;;;;;0;0;;;;;;;;;;;;;;;;;;;;;;;;;;;;;;;;;;;;;;;0;0;;;;;;;;;;;;;;;;;;;;;;;;;;;;;;;;;;;;;;;0;0;;;;;;;;;;;;;;;;;;;;;;;;;;;;;;;;;;;;;;;0;0;;;;;;;;;;;;;;;;;;;;;;;;;;;;;;;;;
;Carbovet;Vetnil;;;x;;;0;0;;;;;;;;;;;;;;;;;;;;;;;;;;;;;;;;;;;;;;;0;0;;;;;;;;;;;;;;;;;;;;;;;;;;;;;;;;;;;;;;;0;0;;;;;;;;;;;;;;;;;;;;;;;;;;;;;;;;;;;;;;;0;0;;;;;;;;;;;;;;;;;;;;;;;;;;;;;;;;;;;;;;;0;0;;;;;;;;;;;;;;;;;;;;;;;;;;;;;;;;;
;DM Gel 300 g;Vetnil;;3;x;;;0;3;;;;;;;;;;;;;;;;;;;;;;;;;;;;;;;;;;;;;;;0;0;;;;;;;;;;;;;;;;;;;;;;;;;;;;;;;;;;;;;;;0;0;;;;;;;;;;;;;;;;;;;;;;;;;;;;;;;;;;;;;;;0;0;;;;;;;;;;;;;;;;;;;;;;;;;;;;;;;;;;;;;;;0;0;;;;;;;;;;;;;;;;;;;;;;;;;;;;;;;;;
;DM Gel 50 g;Vetnil;;;x;;;0;0;;;;;;;;;;;;;;;;;;;;;;;;;;;;;;;;;;;;;;;0;0;;;;;;;;;;;;;;;;;;;;;;;;;;;;;;;;;;;;;;;0;0;;;;;;;;;;;;;;;;;;;;;;;;;;;;;;;;;;;;;;;0;0;;;;;;;;;;;;;;;;;;;;;;;;;;;;;;;;;;;;;;;0;0;;;;;;;;;;;;;;;;;;;;;;;;;;;;;;;;;
;Enterex 8 g;Vetnil;;2;x;;;0;2;;;;;;;;;;;;;;;;;;;;;;;;;;;;;;;;;;;;;;;0;0;;;;;;;;;;;;;;;;;;;;;;;;;;;;;;;;;;;;;;;0;0;;;;;;;;;;;;;;;;;;;;;;;;;;;;;;;;;;;;;;;0;0;;;;;;;;;;;;;;;;;;;;;;;;;;;;;;;;;;;;;;;0;0;;;;;;;;;;;;;;;;;;;;;;;;;;;;;;;;;
;Furolisin 10 mg;Vetnil;;;x;;;0;0;;;;;;;;;;;;;;;;;;;;;;;;;;;;;;;;;;;;;;;0;0;;;;;;;;;;;;;;;;;;;;;;;;;;;;;;;;;;;;;;;0;0;;;;;;;;;;;;;;;;;;;;;;;;;;;;;;;;;;;;;;;0;0;;;;;;;;;;;;;;;;;;;;;;;;;;;;;;;;;;;;;;;0;0;;;;;;;;;;;;;;;;;;;;;;;;;;;;;;;;;
;Furolisin 20 mg;Vetnil;;2;;x;;0;2;;;;;;;;;;;;;;;;;;;;;;;;;;;;;;;;;;;;;;;0;0;;;;;;;;;;;;;;;;;;;;;;;;;;;;;;;;;;;;;;;0;0;;;;;;;;;;;;;;;;;;;;;;;;;;;;;;;;;;;;;;;0;0;;;;;;;;;;;;;;;;;;;;;;;;;;;;;;;;;;;;;;;0;0;;;;;;;;;;;;;;;;;;;;;;;;;;;;;;;;;
;Furolisin 40 mg;Vetnil;;;;x;;1;-1;;;1;;;;;;;;;;;;;;;;;;;;;;;;;;;;;;;;;;;;0;0;;;;;;;;;;;;;;;;;;;;;;;;;;;;;;;;;;;;;;;0;0;;;;;;;;;;;;;;;;;;;;;;;;;;;;;;;;;;;;;;;0;0;;;;;;;;;;;;;;;;;;;;;;;;;;;;;;;;;;;2;;;;0;2;;;;;;;;;;;;;;;;;;;;;;;;;;;;;;;;;
;Hepvet;Vetnil;;8;x;;;4;4;;;;;1;;;;;;2;;;1;;;;;;;;;;;;;;;;;;;;;;;;;0;0;;;;;;;;;;;;;;;;;;;;;;;;;;;;;;;;;;;;;;;0;0;;;;;;;;;;;;;;;;;;;;;;;;;;;;;;;;;;;;;;;0;0;;;;;;;;;;;;;;;;;;;;;;;;;;;;;;;;;;;5;;;;4;1;;;;;1;;;;;;2;;;1;;;;;;;;;;;;;;;;;;;
;Hepvet Suspensão 60 ml;Vetnil;;912;x;;;299;613;;;19;;19;;15;70;;30;32;;19;17;;27;30;;;21;;;;;;;;;;;;;;;349;;;;299;50;;;19;;19;;15;70;;30;;32;19;17;;27;30;;;21;;;;;;;;;;;;;;;;;;;0;0;;;;;;;;;;;;;;;;;;;;;;;;;;;;;;;;;;;;;;;0;0;;;;;;;;;;;;;;;;;;;;;;;;;;;;;;;;;;;;;;;0;0;;;;;;;;;;;;;;;;;;;;;;;;;;;;;;;;;
;Keravit;Vetnil;;4133;x;;;440;3693;;;36;;48;;34;66;;51;50;;65;24;;28;;;;38;;;;;;;;;;;;;;;490;;;;440;50;;;36;;48;;34;66;;51;;50;65;24;;28;;;;38;;;;;;;;;;;;;;;;;;;0;0;;;;;;;;;;;;;;;;;;;;;;;;;;;;;;;;;;;;;;;0;0;;;;;;;;;;;;;;;;;;;;;;;;;;;;;;;;;;;;;;;0;0;;;;;;;;;;;;;;;;;;;;;;;;;;;;;;;;;
;Ketamina;Vetnil;;1072;x;;;233;839;;;31;;32;;37;44;;26;;;;20;;;22;;;21;;;;;;;;;;;;;;;283;;;;233;50;;;31;;32;;37;44;;26;;;;20;;;22;;;21;;;;;;;;;;;;;;;;;;;0;0;;;;;;;;;;;;;;;;;;;;;;;;;;;;;;;;;;;;;;;0;0;;;;;;;;;;;;;;;;;;;;;;;;;;;;;;;;;;;;;;;0;0;;;;;;;;;;;;;;;;;;;;;;;;;;;;;;;;;
;Mucomucil Xarope 50 ml;Vetnil;;207;x;;;102;105;;;10;;;;16;25;;16;;;13;;;;22;;;;;;;;;;;;;;;;;;152;;;;102;50;;;10;;;;16;25;;16;;;13;;;;22;;;;;;;;;;;;;;;;;;;;;;0;0;;;;;;;;;;;;;;;;;;;;;;;;;;;;;;;;;;;;;;;0;0;;;;;;;;;;;;;;;;;;;;;;;;;;;;;;;;;;;;;;;0;0;;;;;;;;;;;;;;;;;;;;;;;;;;;;;;;;;
;Optivet Tears;Vetnil;;830;x;;;131;699;;;17;;;;20;26;;20;16;;18;;;;14;;;;;;;;;;;;;;;;;;151;;;;131;20;;;17;;;;20;26;;20;;16;18;;;;14;;;;;;;;;;;;;;;;;;;;;;0;0;;;;;;;;;;;;;;;;;;;;;;;;;;;;;;;;;;;;;;;0;0;;;;;;;;;;;;;;;;;;;;;;;;;;;;;;;;;;;;;;;0;0;;;;;;;;;;;;;;;;;;;;;;;;;;;;;;;;;
;Periovet Gel;Vetnil;;15;x;;;8;7;;;;;;;;4;;4;;;;;;;;;;;;;;;;;;;;;;;;;;;;;0;0;;;;;;;;;;;;;;;;;;;;;;;;;;;;;;;;;;;;;;;0;0;;;;;;;;;;;;;;;;;;;;;;;;;;;;;;;;;;;;;;;0;0;;;;;;;;;;;;;;;;;;;;;;;;;;;;;;;;;;;;;;;0;0;;;;;;;;;;;;;;;;;;;;;;;;;;;;;;;;;
;Periovet Spray;Vetnil;;;x;;;0;0;;;;;;;;;;;;;;;;;;;;;;;;;;;;;;;;;;;;;;;0;0;;;;;;;;;;;;;;;;;;;;;;;;;;;;;;;;;;;;;;;0;0;;;;;;;;;;;;;;;;;;;;;;;;;;;;;;;;;;;;;;;0;0;;;;;;;;;;;;;;;;;;;;;;;;;;;;;;;;;;;;;;;0;0;;;;;;;;;;;;;;;;;;;;;;;;;;;;;;;;;
;Probiotico Vetnil;Vetnil;;;;x;;0;0;;;;;;;;;;;;;;;;;;;;;;;;;;;;;;;;;;;;;;;0;0;;;;;;;;;;;;;;;;;;;;;;;;;;;;;;;;;;;;;;;0;0;;;;;;;;;;;;;;;;;;;;;;;;;;;;;;;;;;;;;;;0;0;;;;;;;;;;;;;;;;;;;;;;;;;;;;;;;;;;;;;;;0;0;;;;;;;;;;;;;;;;;;;;;;;;;;;;;;;;;
;Vetaglos;Vetnil;;;;x;;0;0;;;;;;;;;;;;;;;;;;;;;;;;;;;;;;;;;;;;;;;0;0;;;;;;;;;;;;;;;;;;;;;;;;;;;;;;;;;;;;;;;0;0;;;;;;;;;;;;;;;;;;;;;;;;;;;;;;;;;;;;;;;0;0;;;;;;;;;;;;;;;;;;;;;;;;;;;;;;;;;;;;;;;0;0;;;;;;;;;;;;;;;;;;;;;;;;;;;;;;;;;
;Xilazina;Vetnil;;;;x;;0;0;;;;;;;;;;;;;;;;;;;;;;;;;;;;;;;;;;;;;;;0;0;;;;;;;;;;;;;;;;;;;;;;;;;;;;;;;;;;;;;;;0;0;;;;;;;;;;;;;;;;;;;;;;;;;;;;;;;;;;;;;;;0;0;;;;;;;;;;;;;;;;;;;;;;;;;;;;;;;;;;;;;;;0;0;;;;;;;;;;;;;;;;;;;;;;;;;;;;;;;;;
;Apoquel 3,6 mg;Zoetis;;;;x;;0;0;;;;;;;;;;;;;;;;;;;;;;;;;;;;;;;;;;;;;;;0;0;;;;;;;;;;;;;;;;;;;;;;;;;;;;;;;;;;;;;;;0;0;;;;;;;;;;;;;;;;;;;;;;;;;;;;;;;;;;;;;;;0;0;;;;;;;;;;;;;;;;;;;;;;;;;;;;;;;;;;;;;;;0;0;;;;;;;;;;;;;;;;;;;;;;;;;;;;;;;;;
;Apoquel 5,4 mg;Zoetis;;;;x;;0;0;;;;;;;;;;;;;;;;;;;;;;;;;;;;;;;;;;;;;;;0;0;;;;;;;;;;;;;;;;;;;;;;;;;;;;;;;;;;;;;;;0;0;;;;;;;;;;;;;;;;;;;;;;;;;;;;;;;;;;;;;;;0;0;;;;;;;;;;;;;;;;;;;;;;;;;;;;;;;;;;;;;;;0;0;;;;;;;;;;;;;;;;;;;;;;;;;;;;;;;;;
;Cerenia 16 mg;Zoetis;;;x;;;0;0;;;;;;;;;;;;;;;;;;;;;;;;;;;;;;;;;;;;;;;0;0;;;;;;;;;;;;;;;;;;;;;;;;;;;;;;;;;;;;;;;0;0;;;;;;;;;;;;;;;;;;;;;;;;;;;;;;;;;;;;;;;0;0;;;;;;;;;;;;;;;;;;;;;;;;;;;;;;;;;;;;;;;0;0;;;;;;;;;;;;;;;;;;;;;;;;;;;;;;;;;
;Cerenia 24 mg;Zoetis;;;x;;;0;0;;;;;;;;;;;;;;;;;;;;;;;;;;;;;;;;;;;;;;;0;0;;;;;;;;;;;;;;;;;;;;;;;;;;;;;;;;;;;;;;;0;0;;;;;;;;;;;;;;;;;;;;;;;;;;;;;;;;;;;;;;;0;0;;;;;;;;;;;;;;;;;;;;;;;;;;;;;;;;;;;;;;;0;0;;;;;;;;;;;;;;;;;;;;;;;;;;;;;;;;;
;Cerenia 60 mg;Zoetis;;;x;;;0;0;;;;;;;;;;;;;;;;;;;;;;;;;;;;;;;;;;;;;;;0;0;;;;;;;;;;;;;;;;;;;;;;;;;;;;;;;;;;;;;;;0;0;;;;;;;;;;;;;;;;;;;;;;;;;;;;;;;;;;;;;;;0;0;;;;;;;;;;;;;;;;;;;;;;;;;;;;;;;;;;;;;;;0;0;;;;;;;;;;;;;;;;;;;;;;;;;;;;;;;;;
;Cerenia Injetavel;Zoetis;;;x;;;0;0;;;;;;;;;;;;;;;;;;;;;;;;;;;;;;;;;;;;;;;0;0;;;;;;;;;;;;;;;;;;;;;;;;;;;;;;;;;;;;;;;0;0;;;;;;;;;;;;;;;;;;;;;;;;;;;;;;;;;;;;;;;0;0;;;;;;;;;;;;;;;;;;;;;;;;;;;;;;;;;;;;;;;0;0;;;;;;;;;;;;;;;;;;;;;;;;;;;;;;;;;
;Convenia;Zoetis;;39;x;;;0;39;;;;;;;;;;;;;;;;;;;;;;;;;;;;;;;;;;;;;;;0;0;;;;;;;;;;;;;;;;;;;;;;;;;;;;;;;;;;;;;;;0;0;;;;;;;;;;;;;;;;;;;;;;;;;;;;;;;;;;;;;;;0;0;;;;;;;;;;;;;;;;;;;;;;;;;;;;;;;;;;;;;;;0;0;;;;;;;;;;;;;;;;;;;;;;;;;;;;;;;;;
;Cytopoint 10 mg;Zoetis;;20;x;;;10;10;;;;;;;;;;;;;;10;;;;;;;;;;;;;;;;;;;;;20;;;;10;10;;;;;;;;;;;;;;10;;;;;;;;;;;;;;;;;;;;;;;;;0;0;;;;;;;;;;;;;;;;;;;;;;;;;;;;;;;;;;;;;;;0;0;;;;;;;;;;;;;;;;;;;;;;;;;;;;;;;;;;;;;;;0;0;;;;;;;;;;;;;;;;;;;;;;;;;;;;;;;;;
;Cytopoint 20 mg;Zoetis;;76;x;;;0;76;;;;;;;;;;;;;;;;;;;;;;;;;;;;;;;;;;;;;;;0;0;;;;;;;;;;;;;;;;;;;;;;;;;;;;;;;;;;;;;;;0;0;;;;;;;;;;;;;;;;;;;;;;;;;;;;;;;;;;;;;;;0;0;;;;;;;;;;;;;;;;;;;;;;;;;;;;;;;;;;;;;;;0;0;;;;;;;;;;;;;;;;;;;;;;;;;;;;;;;;;
;Cytopoint 30 mg;Zoetis;;44;x;;;0;44;;;;;;;;;;;;;;;;;;;;;;;;;;;;;;;;;;;;;;;0;0;;;;;;;;;;;;;;;;;;;;;;;;;;;;;;;;;;;;;;;0;0;;;;;;;;;;;;;;;;;;;;;;;;;;;;;;;;;;;;;;;0;0;;;;;;;;;;;;;;;;;;;;;;;;;;;;;;;;;;;;;;;0;0;;;;;;;;;;;;;;;;;;;;;;;;;;;;;;;;;
;Cytopoint 40 mg;Zoetis;;52;x;;;0;52;;;;;;;;;;;;;;;;;;;;;;;;;;;;;;;;;;;;;;;0;0;;;;;;;;;;;;;;;;;;;;;;;;;;;;;;;;;;;;;;;0;0;;;;;;;;;;;;;;;;;;;;;;;;;;;;;;;;;;;;;;;0;0;;;;;;;;;;;;;;;;;;;;;;;;;;;;;;;;;;;;;;;0;0;;;;;;;;;;;;;;;;;;;;;;;;;;;;;;;;;
;Giardia;Zoetis;;65;x;;;25;40;;;;;;;5;;;;20;;;;;;;;;;;;;;;;;;;;;;;;35;;;;25;10;;;;;;;5;;;;;20;;;;;;;;;;;;;;;;;;;;;;;;;;;0;0;;;;;;;;;;;;;;;;;;;;;;;;;;;;;;;;;;;;;;;0;0;;;;;;;;;;;;;;;;;;;;;;;;;;;;;;;;;;;;;;;0;0;;;;;;;;;;;;;;;;;;;;;;;;;;;;;;;;;
;Gripe Inj;Zoetis;;31;x;;;20;11;;;;;;;10;;;;10;;;;;;;;;;;;;;;;;;;;;;;;30;;;;20;10;;;;;;;10;;;;;10;;;;;;;;;;;;;;;;;;;;;;;;;;;0;0;;;;;;;;;;;;;;;;;;;;;;;;;;;;;;;;;;;;;;;0;0;;;;;;;;;;;;;;;;;;;;;;;;;;;;;;;;;;;;;;;0;0;;;;;;;;;;;;;;;;;;;;;;;;;;;;;;;;;
;Gripe Oral;Zoetis;;32;x;;;10;22;;;;;;;;;;;10;;;;;;;;;;;;;;;;;;;;;;;;20;;;;10;10;;;;;;;;;;;;10;;;;;;;;;;;;;;;;;;;;;;;;;;;0;0;;;;;;;;;;;;;;;;;;;;;;;;;;;;;;;;;;;;;;;0;0;;;;;;;;;;;;;;;;;;;;;;;;;;;;;;;;;;;;;;;0;0;;;;;;;;;;;;;;;;;;;;;;;;;;;;;;;;;
;Leishmaniose;Zoetis;;32;x;;;0;32;;;;;;;;;;;;;;;;;;;;;;;;;;;;;;;;;;;;;;;0;0;;;;;;;;;;;;;;;;;;;;;;;;;;;;;;;;;;;;;;;0;0;;;;;;;;;;;;;;;;;;;;;;;;;;;;;;;;;;;;;;;0;0;;;;;;;;;;;;;;;;;;;;;;;;;;;;;;;;;;;;;;;0;0;;;;;;;;;;;;;;;;;;;;;;;;;;;;;;;;;
;Leptospirose;Zoetis;;40;x;;;0;40;;;;;;;;;;;;;;;;;;;;;;;;;;;;;;;;;;;;;;;0;0;;;;;;;;;;;;;;;;;;;;;;;;;;;;;;;;;;;;;;;0;0;;;;;;;;;;;;;;;;;;;;;;;;;;;;;;;;;;;;;;;0;0;;;;;;;;;;;;;;;;;;;;;;;;;;;;;;;;;;;;;;;0;0;;;;;;;;;;;;;;;;;;;;;;;;;;;;;;;;;
;Librela 10 mg;Zoetis;;24;x;;;0;24;;;;;;;;;;;;;;;;;;;;;;;;;;;;;;;;;;;;;;;0;0;;;;;;;;;;;;;;;;;;;;;;;;;;;;;;;;;;;;;;;0;0;;;;;;;;;;;;;;;;;;;;;;;;;;;;;;;;;;;;;;;0;0;;;;;;;;;;;;;;;;;;;;;;;;;;;;;;;;;;;;;;;0;0;;;;;;;;;;;;;;;;;;;;;;;;;;;;;;;;;
;Librela 15 mg;Zoetis;;11;x;;;0;11;;;;;;;;;;;;;;;;;;;;;;;;;;;;;;;;;;;;;;;0;0;;;;;;;;;;;;;;;;;;;;;;;;;;;;;;;;;;;;;;;0;0;;;;;;;;;;;;;;;;;;;;;;;;;;;;;;;;;;;;;;;0;0;;;;;;;;;;;;;;;;;;;;;;;;;;;;;;;;;;;;;;;0;0;;;;;;;;;;;;;;;;;;;;;;;;;;;;;;;;;
;Librela 20 mg;Zoetis;;18;x;;;0;18;;;;;;;;;;;;;;;;;;;;;;;;;;;;;;;;;;;;;;;0;0;;;;;;;;;;;;;;;;;;;;;;;;;;;;;;;;;;;;;;;0;0;;;;;;;;;;;;;;;;;;;;;;;;;;;;;;;;;;;;;;;0;0;;;;;;;;;;;;;;;;;;;;;;;;;;;;;;;;;;;;;;;0;0;;;;;;;;;;;;;;;;;;;;;;;;;;;;;;;;;
;Librela 30 mg;Zoetis;;;x;;;247;-247;;;18;;;11;30;23;20;14;20;;26;30;;15;10;;;30;;;;;;;;;;;;;;;;;;;0;0;;;;;;;;;;;;;;;;;;;;;;;;;;;;;;;;;;;;;;;0;0;;;;;;;;;;;;;;;;;;;;;;;;;;;;;;;;;;;;;;;0;0;;;;;;;;;;;;;;;;;;;;;;;;;;;;;;;;;;;;;;;0;0;;;;;;;;;;;;;;;;;;;;;;;;;;;;;;;;;
;Librela 5 mg;Zoetis;;;;x;;0;0;;;;;;;;;;;;;;;;;;;;;;;;;;;;;;;;;;;;;;;0;0;;;;;;;;;;;;;;;;;;;;;;;;;;;;;;;;;;;;;;;0;0;;;;;;;;;;;;;;;;;;;;;;;;;;;;;;;;;;;;;;;0;0;;;;;;;;;;;;;;;;;;;;;;;;;;;;;;;;;;;;;;;0;0;;;;;;;;;;;;;;;;;;;;;;;;;;;;;;;;;
;Pro Heart;Zoetis;;;;x;;0;0;;;;;;;;;;;;;;;;;;;;;;;;;;;;;;;;;;;;;;;0;0;;;;;;;;;;;;;;;;;;;;;;;;;;;;;;;;;;;;;;;0;0;;;;;;;;;;;;;;;;;;;;;;;;;;;;;;;;;;;;;;;0;0;;;;;;;;;;;;;;;;;;;;;;;;;;;;;;;;;;;;;;;0;0;;;;;;;;;;;;;;;;;;;;;;;;;;;;;;;;;
;Quintupla (V5);Zoetis;;23;x;;;15;8;;;;;;;4;;;4;;;3;;;;;;;4;;;;;;;;;;;;;;;19;;;;16;3;;;;;;;5;;;4;;;3;;;;;;;4;;;;;;;;;;;;;;;;;;;0;0;;;;;;;;;;;;;;;;;;;;;;;;;;;;;;;;;;;;;;;0;0;;;;;;;;;;;;;;;;;;;;;;;;;;;;;;;;;;;;;;;0;0;;;;;;;;;;;;;;;;;;;;;;;;;;;;;;;;;
;Raiva;Zoetis;;;x;;;0;0;;;;;;;;;;;;;;;;;;;;;;;;;;;;;;;;;;;;;;;0;0;;;;;;;;;;;;;;;;;;;;;;;;;;;;;;;;;;;;;;;0;0;;;;;;;;;;;;;;;;;;;;;;;;;;;;;;;;;;;;;;;0;0;;;;;;;;;;;;;;;;;;;;;;;;;;;;;;;;;;;;;;;0;0;;;;;;;;;;;;;;;;;;;;;;;;;;;;;;;;;
;Revolution   6% ( gatos 2,6 / 7,5 kg);Zoetis;;14;x;;;0;14;;;;;;;;;;;;;;;;;;;;;;;;;;;;;;;;;;;;;;;0;0;;;;;;;;;;;;;;;;;;;;;;;;;;;;;;;;;;;;;;;0;0;;;;;;;;;;;;;;;;;;;;;;;;;;;;;;;;;;;;;;;0;0;;;;;;;;;;;;;;;;;;;;;;;;;;;;;;;;;;;;;;;0;0;;;;;;;;;;;;;;;;;;;;;;;;;;;;;;;;;
;Revolution   6% (cães e gatos até 2,5 kg);Zoetis;;24;x;;;0;24;;;;;;;;;;;;;;;;;;;;;;;;;;;;;;;;;;;;;;;0;0;;;;;;;;;;;;;;;;;;;;;;;;;;;;;;;;;;;;;;;0;0;;;;;;;;;;;;;;;;;;;;;;;;;;;;;;;;;;;;;;;0;0;;;;;;;;;;;;;;;;;;;;;;;;;;;;;;;;;;;;;;;0;0;;;;;;;;;;;;;;;;;;;;;;;;;;;;;;;;;
;Revolution 12% (cães   2,6 /   5 kg);Zoetis;;18;x;;;0;18;;;;;;;;;;;;;;;;;;;;;;;;;;;;;;;;;;;;;;;0;0;;;;;;;;;;;;;;;;;;;;;;;;;;;;;;;;;;;;;;;0;0;;;;;;;;;;;;;;;;;;;;;;;;;;;;;;;;;;;;;;;0;0;;;;;;;;;;;;;;;;;;;;;;;;;;;;;;;;;;;;;;;0;0;;;;;;;;;;;;;;;;;;;;;;;;;;;;;;;;;
;Revolution 12% (cães   5,1 / 10 kg);Zoetis;;;x;;;0;0;;;;;;;;;;;;;;;;;;;;;;;;;;;;;;;;;;;;;;;0;0;;;;;;;;;;;;;;;;;;;;;;;;;;;;;;;;;;;;;;;0;0;;;;;;;;;;;;;;;;;;;;;;;;;;;;;;;;;;;;;;;0;0;;;;;;;;;;;;;;;;;;;;;;;;;;;;;;;;;;;;;;;0;0;;;;;;;;;;;;;;;;;;;;;;;;;;;;;;;;;
;Revolution 12% (cães 10,1 / 20 kg);Zoetis;;;x;;;0;0;;;;;;;;;;;;;;;;;;;;;;;;;;;;;;;;;;;;;;;0;0;;;;;;;;;;;;;;;;;;;;;;;;;;;;;;;;;;;;;;;0;0;;;;;;;;;;;;;;;;;;;;;;;;;;;;;;;;;;;;;;;0;0;;;;;;;;;;;;;;;;;;;;;;;;;;;;;;;;;;;;;;;0;0;;;;;;;;;;;;;;;;;;;;;;;;;;;;;;;;;
;Revolution 12% (cães 20,1 / 40 kg);Zoetis;;;x;;;0;0;;;;;;;;;;;;;;;;;;;;;;;;;;;;;;;;;;;;;;;0;0;;;;;;;;;;;;;;;;;;;;;;;;;;;;;;;;;;;;;;;0;0;;;;;;;;;;;;;;;;;;;;;;;;;;;;;;;;;;;;;;;0;0;;;;;;;;;;;;;;;;;;;;;;;;;;;;;;;;;;;;;;;0;0;;;;;;;;;;;;;;;;;;;;;;;;;;;;;;;;;
;Simparic 10 mg;Zoetis;;30;x;;;0;30;;;;;;;;;;;;;;;;;;;;;;;;;;;;;;;;;;;;;;;0;0;;;;;;;;;;;;;;;;;;;;;;;;;;;;;;;;;;;;;;;0;0;;;;;;;;;;;;;;;;;;;;;;;;;;;;;;;;;;;;;;;0;0;;;;;;;;;;;;;;;;;;;;;;;;;;;;;;;;;;;;;;;0;0;;;;;;;;;;;;;;;;;;;;;;;;;;;;;;;;;
;Simparic 20 mg;Zoetis;;8;x;;;0;8;;;;;;;;;;;;;;;;;;;;;;;;;;;;;;;;;;;;;;;0;0;;;;;;;;;;;;;;;;;;;;;;;;;;;;;;;;;;;;;;;0;0;;;;;;;;;;;;;;;;;;;;;;;;;;;;;;;;;;;;;;;0;0;;;;;;;;;;;;;;;;;;;;;;;;;;;;;;;;;;;;;;;0;0;;;;;;;;;;;;;;;;;;;;;;;;;;;;;;;;;
;Simparic 40 mg;Zoetis;;117;x;;;16;101;;;;;3;;5;;3;;;5;;;;;;;;;;;;;;;;;;;;;;;19;;;;14;5;;;;;3;;3;;3;;;5;;;;;;;;;;;;;;;;;;;;;;;;;;;0;0;;;;;;;;;;;;;;;;;;;;;;;;;;;;;;;;;;;;;;;0;0;;;;;;;;;;;;;;;;;;;;;;;;;;;;;;;;;;;;;;;0;0;;;;;;;;;;;;;;;;;;;;;;;;;;;;;;;;;
;Simparic 5 mg;Zoetis;;115;;x;;5;110;;;;;;;;5;;;;;;;;;;;;;;;;;;;;;;;;;;;10;;;;5;5;;;;;;;;5;;;;;;;;;;;;;;;;;;;;;;;;;;;;;;;0;0;;;;;;;;;;;;;;;;;;;;;;;;;;;;;;;;;;;;;;;0;0;;;;;;;;;;;;;;;;;;;;;;;;;;;;;;;;;;;;;;;0;0;;;;;;;;;;;;;;;;;;;;;;;;;;;;;;;;;
;Simparic 80 mg;Zoetis;;;x;;;0;0;;;;;;;;;;;;;;;;;;;;;;;;;;;;;;;;;;;;;;;0;0;;;;;;;;;;;;;;;;;;;;;;;;;;;;;;;;;;;;;;;0;0;;;;;;;;;;;;;;;;;;;;;;;;;;;;;;;;;;;;;;;0;0;;;;;;;;;;;;;;;;;;;;;;;;;;;;;;;;;;;;;;;0;0;;;;;;;;;;;;;;;;;;;;;;;;;;;;;;;;;
;Snap Fiv/Felv  (combo gato);Zoetis;;;x;;;0;0;;;;;;;;;;;;;;;;;;;;;;;;;;;;;;;;;;;;;;;0;0;;;;;;;;;;;;;;;;;;;;;;;;;;;;;;;;;;;;;;;0;0;;;;;;;;;;;;;;;;;;;;;;;;;;;;;;;;;;;;;;;0;0;;;;;;;;;;;;;;;;;;;;;;;;;;;;;;;;;;;;;;;0;0;;;;;;;;;;;;;;;;;;;;;;;;;;;;;;;;;
;Snap Giardia;Zoetis;;;x;;;0;0;;;;;;;;;;;;;;;;;;;;;;;;;;;;;;;;;;;;;;;0;0;;;;;;;;;;;;;;;;;;;;;;;;;;;;;;;;;;;;;;;0;0;;;;;;;;;;;;;;;;;;;;;;;;;;;;;;;;;;;;;;;0;0;;;;;;;;;;;;;;;;;;;;;;;;;;;;;;;;;;;;;;;0;0;;;;;;;;;;;;;;;;;;;;;;;;;;;;;;;;;
;Snap Leishmaniose;Zoetis;;;x;;;0;0;;;;;;;;;;;;;;;;;;;;;;;;;;;;;;;;;;;;;;;0;0;;;;;;;;;;;;;;;;;;;;;;;;;;;;;;;;;;;;;;;0;0;;;;;;;;;;;;;;;;;;;;;;;;;;;;;;;;;;;;;;;0;0;;;;;;;;;;;;;;;;;;;;;;;;;;;;;;;;;;;;;;;0;0;;;;;;;;;;;;;;;;;;;;;;;;;;;;;;;;;
;Snap Lipase;Zoetis;;;x;;;0;0;;;;;;;;;;;;;;;;;;;;;;;;;;;;;;;;;;;;;;;0;0;;;;;;;;;;;;;;;;;;;;;;;;;;;;;;;;;;;;;;;0;0;;;;;;;;;;;;;;;;;;;;;;;;;;;;;;;;;;;;;;;0;0;;;;;;;;;;;;;;;;;;;;;;;;;;;;;;;;;;;;;;;0;0;;;;;;;;;;;;;;;;;;;;;;;;;;;;;;;;;
;V 10;Zoetis;;;x;;;0;0;;;;;;;;;;;;;;;;;;;;;;;;;;;;;;;;;;;;;;;0;0;;;;;;;;;;;;;;;;;;;;;;;;;;;;;;;;;;;;;;;0;0;;;;;;;;;;;;;;;;;;;;;;;;;;;;;;;;;;;;;;;0;0;;;;;;;;;;;;;;;;;;;;;;;;;;;;;;;;;;;;;;;0;0;;;;;;;;;;;;;;;;;;;;;;;;;;;;;;;;;
;Cistimicin ;;;;x;;;0;0;;;;;;;;;;;;;;;;;;;;;;;;;;;;;;;;;;;;;;;0;0;;;;;;;;;;;;;;;;;;;;;;;;;;;;;;;;;;;;;;;0;0;;;;;;;;;;;;;;;;;;;;;;;;;;;;;;;;;;;;;;;0;0;;;;;;;;;;;;;;;;;;;;;;;;;;;;;;;;;;;;;;;0;0;;;;;;;;;;;;;;;;;;;;;;;;;;;;;;;;;
;Florentero;zoetis;;;x;;;0;0;;;;;;;;;;;;;;;;;;;;;;;;;;;;;;;;;;;;;;;0;0;;;;;;;;;;;;;;;;;;;;;;;;;;;;;;;;;;;;;;;0;0;;;;;;;;;;;;;;;;;;;;;;;;;;;;;;;;;;;;;;;0;0;;;;;;;;;;;;;;;;;;;;;;;;;;;;;;;;;;;;;;;0;0;;;;;;;;;;;;;;;;;;;;;;;;;;;;;;;;;
;Kalium Vet;;;;x;;;0;0;;;;;;;;;;;;;;;;;;;;;;;;;;;;;;;;;;;;;;;0;0;;;;;;;;;;;;;;;;;;;;;;;;;;;;;;;;;;;;;;;0;0;;;;;;;;;;;;;;;;;;;;;;;;;;;;;;;;;;;;;;;0;0;;;;;;;;;;;;;;;;;;;;;;;;;;;;;;;;;;;;;;;0;0;;;;;;;;;;;;;;;;;;;;;;;;;;;;;;;;;
;MacroGard Small Size;;;;x;;;0;0;;;;;;;;;;;;;;;;;;;;;;;;;;;;;;;;;;;;;;;0;0;;;;;;;;;;;;;;;;;;;;;;;;;;;;;;;;;;;10;;;;5;5;;;;;;;;;;1;;;4;;;;;;;;;;;;;;;;;;;;;;25;;;;6;19;;;;;;;;1;;1;;;4;;;;;;;;;;;;;;;;;;;;;;;;;;0;0;;;;;;;;;;;;;;;;;;;;;;;;;;;;;;;;;
;MacroGard Pet;;;8;x;;;1;7;;;;;;;;;;;;;1;;;;;;;;;;;;;;;;;;;;;;;;;;0;0;;;;;;;;;;;;;;;;;;;;;;;;;;;;;;;;;;;;;;;0;0;;;;;;;;;;;;;;;;;;;;;;;;;;;;;;;;;;;;;;;0;0;;;;;;;;;;;;;;;;;;;;;;;;;;;;;;;;;;;2;;;;1;1;;;;;;;;;;;;;1;;;;;;;;;;;;;;;;;;;;
;Marbocyl 5 mg;;;;;x;;0;0;;;;;;;;;;;;;;;;;;;;;;;;;;;;;;;;;;;;;;;0;0;;;;;;;;;;;;;;;;;;;;;;;;;;;;;;;;;;;;;;;0;0;;;;;;;;;;;;;;;;;;;;;;;;;;;;;;;;;;;;;;;0;0;;;;;;;;;;;;;;;;;;;;;;;;;;;;;;;;;;;;;;;0;0;;;;;;;;;;;;;;;;;;;;;;;;;;;;;;;;;
;Nutri Same 100;;;;;x;;0;0;;;;;;;;;;;;;;;;;;;;;;;;;;;;;;;;;;;;;;;0;0;;;;;;;;;;;;;;;;;;;;;;;;;;;;;;;;;;;;;;;0;0;;;;;;;;;;;;;;;;;;;;;;;;;;;;;;;;;;;;;;;0;0;;;;;;;;;;;;;;;;;;;;;;;;;;;;;;;;;;;;;;;0;0;;;;;;;;;;;;;;;;;;;;;;;;;;;;;;;;;
;Nutri Same 200;;;50;x;;;11;39;;;;;;;5;;;2;;;;;;;;;;4;;;;;;;;;;;;;;;11;;;;6;5;;;;;;;;;;2;;;;;;;;;;4;;;;;;;;;;;;;;;;;;;0;0;;;;;;;;;;;;;;;;;;;;;;;;;;;;;;;;;;;;;;;0;0;;;;;;;;;;;;;;;;;;;;;;;;;;;;;;;;;;;;;;;0;0;;;;;;;;;;;;;;;;;;;;;;;;;;;;;;;;;
;Oat Care Solução Otológico;;;;x;;;0;0;;;;;;;;;;;;;;;;;;;;;;;;;;;;;;;;;;;;;;;0;0;;;;;;;;;;;;;;;;;;;;;;;;;;;;;;;;;;;;;;;0;0;;;;;;;;;;;;;;;;;;;;;;;;;;;;;;;;;;;;;;;0;0;;;;;;;;;;;;;;;;;;;;;;;;;;;;;;;;;;;;;;;0;0;;;;;;;;;;;;;;;;;;;;;;;;;;;;;;;;;
;Renacats 50 g;;;4;x;;;0;4;;;;;;;;;;;;;;;;;;;;;;;;;;;;;;;;;;;;;;;0;0;;;;;;;;;;;;;;;;;;;;;;;;;;;;;;;;;;;;;;;0;0;;;;;;;;;;;;;;;;;;;;;;;;;;;;;;;;;;;;;;;0;0;;;;;;;;;;;;;;;;;;;;;;;;;;;;;;;;;;;;;;;0;0;;;;;;;;;;;;;;;;;;;;;;;;;;;;;;;;;
;Renadogs 85 g;;;2;x;;;0;2;;;;;;;;;;;;;;;;;;;;;;;;;;;;;;;;;;;;;;;0;0;;;;;;;;;;;;;;;;;;;;;;;;;;;;;;;;;;;;;;;0;0;;;;;;;;;;;;;;;;;;;;;;;;;;;;;;;;;;;;;;;0;0;;;;;;;;;;;;;;;;;;;;;;;;;;;;;;;;;;;;;;;0;0;;;;;;;;;;;;;;;;;;;;;;;;;;;;;;;;;
;Vitecol;;;;;x;;1;-1;;;;;;;;;;;1;;;;;;;;;;;;;;;;;;;;;;;;;;;;0;0;;;;;;;;;;;;;;;;;;;;;;;;;;;;;;;;;;;;;;;0;0;;;;;;;;;;;;;;;;;;;;;;;;;;;;;;;;;;;;;;;0;0;;;;;;;;;;;;;;;;;;;;;;;;;;;;;;;;;;;2;;;;1;1;;;;;;;;;;;1;;;;;;;;;;;;;;;;;;;;;;
;Vonau Vet;Avert;;3;;x;;2;1;;;;;;;;;;;2;;;;;;;;;;;;;;;;;;;;;;;;;;;;0;0;;;;;;;;;;;;;;;;;;;;;;;;;;;;;;;;;;;;;;;0;0;;;;;;;;;;;;;;;;;;;;;;;;;;;;;;;;;;;;;;;0;0;;;;;;;;;;;;;;;;;;;;;;;;;;;;;;;;;;;3;;;;2;1;;;;;;;;;;;2;;;;;;;;;;;;;;;;;;;;;;
